ἄβατον	a-s---na-	ἄβατος	ἄβᾰτον
ἄβατον	a-s---fa-	ἄβατος	ἄβᾰτον
ἄβατος	a-s---mn-	ἄβατος	ἄβᾰτος
ἀγαθὸς	a-s---mn-	ἀγαθός	ᾰ̓γᾰθός
ἀγαθός	a-s---mn-	ἀγαθός	ᾰ̓γᾰθός
ἄγαλμα	n-s---nv-	ἄγαλμα	ᾰ̓́γᾰλμᾰ
ἄγαλμα	n-s---nn-	ἄγαλμα	ᾰ̓́γᾰλμᾰ
ἄγαλμα	n-s---na-	ἄγαλμα	ᾰ̓́γᾰλμᾰ
ἄγαμαι	v1spie---	ἄγαμαι	ἄγᾰμαι
ἄγκαθεν	d--------	ἄγκαθεν	ἄγκᾰθεν
ἀγκάλη	n-s---fd-	ἀγκάλη	ἀγκᾰ́λη
ἄγκυρα	n-s---fn-	ἄγκυρα	ἄγκῡρα
ἀγοραῖος	a-s---mn-	ἀγοραῖος	ᾰ̓γοραῖος
ἀγορεύω	v1spia---	ἀγορεύω	ᾰ̓γορεύω
ἄγρα	n-s---fn-	ἄγρα	ᾰ̓́γρᾱ
ἄγυρις	n-s---fn-	ἄγυρις	ᾰ̓́γῠρις
ἀγύρτης	n-s---mn-	ἀγύρτης	ἀγῠρτης
ἀγύρτρια	a-s---fn-	ἀγύρτριος	ἀγῠρτρια
ἄγχι	r--------	ἄγχι	ἄγχῐ
ἀγύρτης	a-s---fn-	ἀγύρτης	ἀγῠρτης
ἄγω	v1spsa---	ἄγω	ᾰ̓́γω
ἄγω	v1spia---	ἄγω	ᾰ̓́γω
ἀγών	n-s---mn-	ἀγών	ᾰ̓γών
ἀγών	v-sppamn-	ἀγών	ᾰ̓γών
ἀδαής	a-s---mn-	ἀδαής	ἀδᾰής
ἀδάκρυτος	a-s---fn-	ἀδάκρυτος	ἀδάκρῡτος
ἄδακρυς	a-s---mn-	ἄδακρυς	ἄδακρῠς
ἀδάματος	a-s---mn-	ἀδάματος	ἀδάμᾰτος
ἀδάματος	a-s---fn-	ἀδάματος	ἀδάμᾰτος
ἀδελφός	n-s---mn-	ἀδελφός	ᾰ̓δελφός
ἄδικος	a-s---fn-	ἄδικος	ἄδῐκος
ἄδικος	a-s---mn-	ἄδικος	ἄδῐκος
ἁδύπολις	a-s---mn-	ἁδύπολις	ἁδῠπολις
ἀδύνατος	a-s---fn-	ἀδύνατος	ᾰ̓δῠ́νᾰτος
ἄζυγος	n-s---fg-	ἄζυξ	ἄζῠγος
ἀθυμία	n-s---fn-	ἀθυμία	ἀθῡμία
ἀθυρόστομος	a-s---fn-	ἀθυρόστομος	ἀθῠρόστομος
ἀθυρόγλωσσος	a-s---mn-	ἀθυρόγλωσσος	ἀθῠρόγλωσσος
ἄθυμος	a-s---mn-	ἄθυμος	ἄθῡμος
Αἴας	n-s---mn-	Αἴας	Αἴᾱς
Αἴας	n-s---mn-	αἴας	Αἴᾱς
Αἴας	n-s---mv-	αἴας	Αἴᾱς
Αἴας	n-s---mv-	Αἴας	Αἴᾱς
Αἴγινα	n-s---fn-	αἴγινα	Αἴγῑνα
αἰνόγαμος	a-s---fn-	αἰνόγαμος	αἰνόγᾰμος
αἰσχύνη	n-s---fn-	αἰσχύνη	αἰσχῡ́νη
αἰχμάλωτος	a-s---fn-	αἰχμάλωτος	αἰχμᾰλωτος
αἰχμάλωτος	a-s---mn-	αἰχμάλωτος	αἰχμᾰλωτος
ἀκήρατος	a-s---mn-	ἀκήρατος	ἀκήρᾰτος
ἀκόλαστος	a-s---mn-	ἀκόλαστος	ἀκόλᾰστος
ἄκος	n-s---nn-	ἄκος	ᾰ̓́κος
ἄκος	n-s---na-	ἄκος	ᾰ̓́κος
ἄκρατος	a-s---mn-	ἄκρατος	ἄκρᾱτος
ἀκρατής	a-s---fg-	ἀκρατής	ᾰ̓κρᾰτής
ἀκριτόφυρτος	a-s---fn-	ἀκριτόφυρτος	ἀκρῐτόφυρτος
ἄκριτος	a-s---mn-	ἄκριτος	ἄκρῐτος
ἀκροθίνιον	a-s---na-	ἀκροθίνιος	ἀκροθῑ́νιον
ἀκύμων	a-s---mn-	ἀκύμων	ἀκῡ́μων
ἀκύμων	a-p---mg-	ἀκύμων	ἀκῡ́μων
ἀλάστορος	n-s---mg-	ἀλάστωρ	ἀλᾰ́στορος
ἀλάστωρ	n-s---mn-	ἀλάστωρ	ᾰ̓λᾰ́στωρ
ἀλέκτωρ	n-s---mn-	ἀλέκτωρ	ᾰ̓λέκτωρ
ἅλιος	d--------	ἅλιος	ᾱ̔́λῐος
ἅλις	d--------	ἅλις	ἅλῐς
ἄλκαρ	n-s---mn-	ἄλκαρ	ἄλκᾰρ
ἄλκαρ	n-s---nn-	ἄλκαρ	ἄλκᾰρ
ἄλκιμος	a-s---mn-	ἄλκιμος	ἄλκῐμος
ἄλυπος	a-s---mn-	ἄλυπος	ἄλῡπος
ἄλυρος	a-s---mn-	ἄλυρος	ἄλῠρος
ἁλώσιμος	a-s---fn-	ἁλώσιμος	ἁλώσῐμος
ἅμα	u--------	ἅμα	ἅμᾰ
ἅμα	r--------	ἅμα	ἅμᾰ
ἅμα	d--------	ἅμα	ἅμᾰ
ἀμαθία	n-s---fd-	ἀμαθίον	ἀμᾰθία
ἁμαρτάνω	v1spia---	ἁμαρτάνω	ᾰ̔μᾰρτᾰ́νω
ἀμαρτύρητος	a-s---mn-	ἀμαρτύρητος	ἀμαρτῠ́ρητος
ἄμαχος	a-s---mn-	ἄμαχος	ἄμᾰχος
ἄμαχος	a-s---fn-	ἄμαχος	ἄμᾰχος
ἀμήχανος	a-s---mn-	ἀμήχανος	ἀμήχᾰνος
ἀμήχανος	a-s---fn-	ἀμήχανος	ἀμήχᾰνος
ἀναμπλάκητος	a-s---mn-	ἀναμπλάκητος	ἀναμπλᾰ́κητος
ἄναξ	n-s---mn-	ἄναξ	ᾰ̓́ναξ
ἄναξ	u--------	ἄναξ	ᾰ̓́ναξ
ἄναξ	n-s---mv-	ἄναξ	ᾰ̓́ναξ
ἀνάριθμος	a-s---fn-	ἀνάριθμος	ἀνᾰ́ριθμος
ἄνασσα	n-s---fv-	ἄνασσα	ᾰ̓́νασσᾰ
ἄνασσα	u--------	ἄνασσα	ᾰ̓́νασσᾰ
ἄνασσα	n-s---fn-	ἄνασσα	ᾰ̓́νασσᾰ
ἀνάστασις	n-s---fn-	ἀνάστασις	ἀνάστᾰσις
ἀνάστατος	a-s---mn-	ἀνάστατος	ἀνάστᾰτος
ἄνατος	a-s---fn-	ἄνατος	ἄνᾱτος
ἄνατος	a-s---mn-	ἄνατος	ἄνᾱτος
ἄνεμος	n-s---mn-	ἄνεμος	ᾰ̓́νεμος
ἀνήρ	n-s---mn-	ἀνήρ	ᾰ̓νήρ
ἀνήρ	u--------	ἀνήρ	ᾰ̓νήρ
ἀνίερος	a-s---fn-	ἀνίερος	ἀνῐ́ερος
ἀνόμματος	a-s---mg-	ἀνόμματος	ἀνόμμᾰτος
ἀντάλλαγμα	n-s---nn-	ἀντάλλαγμα	ἀντάλλᾰγμα
ἀνταμείβομαι	v1spie---	ἀνταμείβω	ἀντᾰμείβομαι
ἀντίδικος	a-s---mn-	ἀντίδικος	ἀντίδῐκος
ἄντικρυς	d--------	ἄντικρυς	ἄντῐκρῠς
ἀντίπαλος	a-s---mn-	ἀντίπαλος	ἀντίπᾰλος
ἀνυμέναιος	a-s---mn-	ἀνυμέναιος	ἀνῠμέναιος
ἄνυσις	n-s---fn-	ἄνυσις	ἄνῠσις
ἄνωθεν	d--------	ἄνωθεν	ᾰ̓́νωθεν
ἄνωθεν	r--------	ἄνωθεν	ᾰ̓́νωθεν
ἀνώνυμος	a-s---mn-	ἀνώνυμος	ἀνώνῠμος
ἀνώνυμος	a-s---fn-	ἀνώνυμος	ἀνώνῠμος
ἄπαγε	v2spma---	ἀπάγω	ἄπᾰγε
ἀπαλέξαι	v2sasm---	ἀπαλέγω	ἀπᾰλέξαι
ἀπαλλαγή	u--------	ἀπαλλαγή	ἀπαλλᾰγή
ἀπαλλαγή	n-s---fn-	ἀπαλλαγή	ἀπαλλᾰγή
ἁπανταχοῦ	d--------	ἁπανταχοῦ	ἁπαντᾰχοῦ
ἅπας	a-s---mn-	ἅπας	ἅπᾱς
ἀπέδιλος	v-sppamn-	ἀπέδιλοω	ἀπέδῑλος
ἄπειρος	a-s---fn-	ἄπειρος	ᾰ̓́πειρος
ἄπειρος	a-s---mn-	ἄπειρος	ᾰ̓́πειρος
ἀπείρων	a-s---mn-	ἀπείρων	ᾰ̓πείρων
ἀπέρατος	a-s---mn-	ἀπέρατος	ἀπέρᾱτος
ἀπήνη	v3saip---	ἀπήνη	ᾰ̓πήνη
ἀπήνη	n-s---fn-	ἀπήνη	ᾰ̓πήνη
ἄπλατος	a-s---fn-	ἄπλατος	ἄπλᾱτος
ἄποινα	u--------	ἄποινα	ᾰ̓́ποινα
ἄποινα	n-p---na-	ἄποινα	ᾰ̓́ποινα
ἀποτίβατος	a-s---fn-	ἀπρόσβατος	ἀποτίβᾰτος
ἀπροφάσιστος	a-s---mn-	ἀπροφάσιστος	ἀπροφᾰ́σιστος
ἄπυρος	a-s---mn-	ἄπυρος	ἄπῠρος
ἄρα	d--------	ἄρα	ἄρᾰ
ἄρα	u--------	ἄρα	ἄρᾰ
ἄρα	g--------	ἄρα	ἄρᾰ
ἄρα	g--------	ἆρα	ἄρᾰ
ἄρα	d--------	ἆρα	ἄρᾰ
ἀραρότως	d--------	ἀραρότως	ἀρᾱρότως
ἀραρότως	d--------	ἀραρότος	ἀρᾱρότως
Ἀργαδῆς	n-s---mn-	Ἀργαδῆς	Ἀργᾰδῆς
ἀρβύλη	n-s---fn-	ἀρβύλη	ἀρβῠ́λη
Ἄργος	n-s---nv-	ἄργος	Ᾰ̓́ργος
Ἄργος	n-s---na-	ἄργος	Ᾰ̓́ργος
Ἄργος	n-s---nn-	ἄργος	Ᾰ̓́ργος
ἀργός	n-s---nn-	ἀργός	ᾰ̓ργός
Ἄργος	u--------	Ἄργος	Ᾰ̓́ργος
ἄργυρος	n-s---mn-	ἄργυρος	ἄργῠρος
ἄρδην	d--------	ἄρδην	ᾱ̓́ρδην
ἄρηξις	n-s---fn-	ἄρηξις	ᾰ̓́ρηξις
ἀριθμός	n-s---mn-	ἀριθμός	ᾰ̓ρῐθμός
ἀριθμὸς	n-s---mn-	ἀριθμός	ᾰ̓ρῐθμός
ἄρκυς	n-s---fn-	ἄρκυς	ἄρκῠς
ἄρνυμαι	v1spie---	ἄρνυμαι	ἄρνῠμαι
ἄρα	n-s---fg-	ἄρος	ἄρᾰ
ἄρα	n-s---fn-	ἄρος	ἄρᾰ
ἀρτίκολλος	a-s---mn-	ἀρτίκολλος	ἀρτῑ́κολλος
ἀρτίπους	n-s---mn-	ἀρτίπους	ἀρτῐ́πους
ἀρτίφρων	a-s---mn-	ἀρτίφρων	ἀρτῐ́φρων
ἀρωγός	a-s---mn-	ἀρωγός	ᾰ̓ρωγός
ἄσιτος	a-s---mn-	ἄσιτος	ἄσῑτος
ἄσιτος	a-s---fn-	ἄσιτος	ἄσῑτος
ἀσπιδηφόρος	a-s---mn-	ἀσπιδηφόρος	ἀσπῐδηφόρος
ἀσπιδοῦχος	a-s---mn-	ἀσπιδοῦχος	ἀσπῐδοῦχος
ἀστήρ	n-s---mn-	ἀστήρ	ᾰ̓στήρ
ἄστυ	n-s---nn-	ἄστυ	ἄστῠ
ἄστυ	n-s---nv-	ἄστυ	ἄστῠ
ἄστυ	n-s---na-	ἄστυ	ἄστῠ
ἄσυλος	a-s---mn-	ἄσυλος	ἄσῡλος
ἀσφάλεια	n-s---fd-	ἀσφάλεια	ᾰ̓σφᾰ́λειᾰ
ἄταφος	a-s---fn-	ἄταφος	ἄτᾰφος
ἄταφος	a-s---mn-	ἄταφος	ἄτᾰφος
ἄτερ	r--------	ἄτερ	ᾰ̓́τερ
ἄτερ	u--------	ἄτερ	ᾰ̓́τερ
ἅτερος	a-s---mn-	ἅτερος	ᾰ̔́τερος
ἀτίετος	a-s---mn-	ἀτίετος	ἀτῐ́ετος
ἄτιμος	a-s---mn-	ἄτιμος	ἄτῑμος
ἄτιμος	a-s---fn-	ἄτιμος	ἄτῑμος
ἀτρέμα	d--------	ἀτρέμας	ἀτρέμᾰ
αὐτανέψιος	a-s---mn-	αὐτανέψιος	αὐτᾰνέψιος
αὐτίκα	d--------	αὐτίκα	αὐτῐ́κᾰ
αὐτόμαρτυς	a-s---mn-	αὐτόμαρτυς	αὐτόμαρτῠς
αὐτόσσυτος	a-s---mn-	αὐτόσσυτος	αὐτόσσῠτος
ἄφαρ	d--------	ἄφαρ	ᾰ̓́φᾰρ
ἀφασία	n-s---fd-	ἀφασία	ἀφᾰσία
ἀφασία	n-s---fn-	ἀφασία	ἀφᾰσία
ἄφατος	n-s---mn-	ἄφας	ἄφᾰτος
ἄφιλος	a-s---fn-	ἄφιλος	ἄφῐλος
ἄφιλος	a-s---mn-	ἄφιλος	ἄφῐλος
Ἀφροδίτη	n-s---fn-	ἀφροδίτη	Ἀφροδῑ́τη
ἄχαρις	a-s---mn-	ἄχαρις	ἄχᾰρις
ἀχάριστος	a-s---mn-	ἀχάριστος	ἀχᾰριστος
ἄχος	n-s---nn-	ἄχος	ᾰ̓́χος
ἄχος	n-s---na-	ἄχος	ᾰ̓́χος
βάθος	u--------	βάθος	βᾰ́θος
βάθος	n-s---na-	βάθος	βᾰ́θος
βαθύς	a-s---mn-	βαθύς	βᾰθῠ́ς
βάλλω	v1spia---	βάλλω	βᾰ́λλω
βάρβαρος	a-s---fn-	βάρβαρος	βάρβᾰρος
βάρβαρος	a-s---mn-	βάρβαρος	βάρβᾰρος
βάρος	n-s---na-	βάρος	βᾰ́ρος
βάρος	n-s---nn-	βάρος	βᾰ́ρος
βάρος	u--------	βάρος	βᾰ́ρος
βαρύκοτος	a-s---fn-	βαρύκοτος	βᾰρῠκοτος
βαρυδότειρα	a-s---fn-	βαρυδότειρος	βᾰρῠδότειρα
βαρύδικος	a-s---fn-	βαρύδικος	βαρύδῐκος
βαρυδότειρα	a-s---fn-	βαρυδότειρα	βᾰρῠδότειρα
βαρύς	a-s---mn-	βαρύς	βᾰρῠ́ς
βαρύς	u--------	βαρύς	βᾰρῠ́ς
βασιλεία	n-s---fn-	βασιλεία	βᾰσιλείᾱ
βασίλεια	n-s---fv-	βασίλεια	βᾰσίλειᾰ
βασίλεια	n-s---fn-	βασίλεια	βᾰσίλειᾰ
βασίλεια	u--------	βασίλεια	βᾰσίλειᾰ
βασίλεια	n-p---nn-	βασίλειον	βᾰσίλειᾰ
βασίλειον	a-s---na-	βασίλειος	βᾰσίλειον
βασίλειος	a-s---mn-	βασίλειος	βᾰσίλειος
βασιλεύς	n-s---mn-	βασιλεύς	βᾰσῐλεύς
βάσις	n-s---fn-	βάσις	βᾰ́σις
βία	n-s---fd-	βία	βῐ́ᾱ
βία	n-s---fn-	βία	βῐ́ᾱ
βιαστέον	a-s---nn-	βιαστέος	βῐαστέον
βιόδωρος	a-s---mn-	βιόδωρος	βῐόδωρος
βίος	n-s---mn-	βίος	βῐ́ος
βίοτος	n-s---mn-	βίοτος	βῐοτος
βιωτός	n-s---mg-	βιωτός	βῐωτός
βλάβη	u--------	βλάβη	βλᾰ́βη
βλάβη	n-s---fn-	βλάβη	βλᾰ́βη
βλάβη	n-s---fd-	βλάβη	βλᾰ́βη
βλάβος	n-s---na-	βλάβος	βλᾰ́βος
βλάβος	n-s---nn-	βλάβος	βλᾰ́βος
βλέφαρον	n-s---nv-	βλέφαρον	βλέφᾰρον
βλέφαρον	n-s---na-	βλέφαρον	βλέφᾰρον
βλέφαρον	n-s---nn-	βλέφαρον	βλέφᾰρον
βόαμα	n-s---na-	βόαμας	βόᾱμα
βόστρυχος	n-s---mn-	βόστρυχος	βόστρῠχος
βούκρανος	a-s---mn-	βούκρανος	βούκρᾱνος
βραβεύς	v-sppamn-	βραβεύς	βρᾰβεύς
βραδύς	a-s---mn-	βραδύς	βρᾰδύς
βραχίων	a-s---mnc	βραχίων	βρᾰχίων
βραχίων	a-s---mv-	βραχίων	βρᾰχίων
βυθός	n-s---mn-	βυθός	βῠθός
γα	n-p---na-	γα	γᾰ
γάγγαμον	n-s---ma-	γάγγαμος	γάγγᾰμον
γάλα	n-s---na-	γάλα	γᾰ́λᾰ
γάμος	n-s---mn-	γάμος	γᾰ́μος
γάνος	n-s---na-	γάνος	γᾰ́νος
γάνος	n-s---fg-	γάνος	γᾰ́νος
γάνυμαι	v1spie---	γάνυμαι	γάνῠμαι
γάνος	n-s---mg-	γάνος	γᾰ́νος
γάρ	d--------	γάρ	γᾰ́ρ
γάρ	n-s---mn-	γάρ	γᾰ́ρ
γάρ	g--------	γάρ	γᾰ́ρ
γάρ	u--------	γάρ	γᾰ́ρ
γελαστής	v2spsa---	γελαστής	γελᾰστής
γέλασμα	n-s---nn-	γέλασμα	γέλᾰσμα
γέννα	n-s---fd-	γέννα	γέννᾰ
γέννα	n-s---fn-	γέννα	γέννᾰ
γένυς	n-s---fn-	γένυς	γένῠς
γέρας	n-s---nn-	γέρας	γέρᾰς
γέρας	u--------	γέρας	γέρᾰς
γέρας	n-s---na-	γέρας	γέρᾰς
γήρυμα	n-s---na-	γήρυμα	γήρῡμα
γιγνώσκω	v1spia---	γιγνώσκω	γῐγνώσκω
γλυκύς	a-s---mn-	γλυκύς	γλῠκῠ́ς
γνάθος	n-s---fn-	γνάθος	γνᾰ́θος
γόνυ	n-s---nn-	γόνυ	γόνῠ
γόνυ	n-s---na-	γόνυ	γόνῠ
γραφεύς	n-s---mn-	γραφεύς	γρᾰφεύς
γύαλον	n-s---na-	γύαλον	γύᾰλον
γύαλον	n-s---nv-	γύαλον	γύᾰλον
γυνή	n-s---fn-	γυνή	γῠνή
δαΐ	n-s---fd-	δαΐ	δᾰϊ
δαϊόφρων	a-s---fn-	δαϊόφρων	δᾱϊόφρων
δακέθυμος	a-s---fn-	δακέθυμος	δᾰκέθῡμος
δάκρυ	u--------	δάκρυ	δᾰ́κρῠ
δάκρυ	n-s---na-	δάκρυον	δᾰ́κρῠ
δάκρυ	n-p---na-	δάκρυον	δᾰ́κρῠ
δάκρυ	n-s---nn-	δάκρυον	δᾰ́κρῠ
δακρυχέων	v-sppamn-	δακρυχέω	δακρῠχέων
δάμαρ	n-s---fv-	δάμαρ	δᾰ́μᾰρ
δάμαρ	n-s---fn-	δάμαρ	δᾰ́μᾰρ
Δαναοί	n-p---mv-	δαναοί	Δᾰναοί
δαπάνα	n-p---na-	δαπάνον	δᾰπᾰ́να
Δαρειογενής	a-s---mn-	Δαρειογενής	Δᾱρειογενής
Δαρεῖος	n-s---mn-	δαρεῖος	Δᾱρεῖος
Δαρεῖος	a-s---mn-	δαρεῖος	Δᾱρεῖος
δέκα	a--------	δέκα	δέκᾰ
δέκα	m--------	δέκα	δέκᾰ
διάλυσις	n-s---fn-	διάλυσις	διάλῠσις
διάνδιχα	d--------	διάνδιχα	διάνδῐχα
διάνοια	n-s---fn-	διάνοια	διάνοιᾰ
διαπρύσιος	a-s---mn-	διαπρύσιος	διαπρῠ́σιος
δίβαμος	a-s---mn-	δίβαμος	δίβᾱμος
διδάσκαλος	n-s---mn-	διδάσκαλος	δῐδᾰ́σκᾰλος
δίδωμι	v1spia---	δίδωμι	δῐ́δωμι
δικαία	a-p---na-	δίκαιος	δῐκαία
δίκαιος	a-s---mn-	δίκαιος	δῐ́καιος
δίκη	n-s---fd-	δίκη	δῐ́κη
δίκη	u--------	δίκη	δῐ́κη
δίκη	n-s---fn-	δίκη	δῐ́κη
δίκτυον	n-s---na-	δίκτυον	δίκτῠον
διόδους	n-p---fa-	διόδους	δῐόδους
Διόθεν	d--------	διόθεν	Δῐόθεν
Διόνυσος	n-s---mn-	Διόνυσος	Δῐόνῡσος
Διόσκοροι	a-p---fn-	Διόσκορος	Δῐόσκοροι
Διόσκοροι	n-p---mn-	Διόσκορος	Δῐόσκοροι
δίπαλτος	a-s---mn-	δίπαλτος	δῐπαλτος
δίπτυχος	a-s---fn-	δίπτυχος	δίπτῠχος
δίχα	r--------	δίχα	δῐ́χᾰ
δίχα	d--------	δίχα	δῐ́χᾰ
διχόθεν	d--------	διχόθεν	δῐχοθεν
διχήρης	a-s---fn-	διχήρης	δῐχήρης
διώδυνος	a-s---mn-	διώδυνος	διώδῠνος
δολιόπους	a-s---mn-	δολιόπους	δολῐόπους
δόκιμος	a-s---mn-	δόκιμος	δόκῐμος
δόξα	n-s---fn-	δόξα	δόξᾰ
δοριθήρατος	a-s---fn-	δοριθήρατος	δορῐθήρᾱτος
δοριάλωτος	a-s---fn-	δοριάλωτος	δορῐάλωτος
δορίκτητος	n-s---fg-	δορίκτης	δορῐ́κτητος
δορίμαργος	n-s---fg-	δορίμαργος	δορῐμαργος
δορίληπτος	a-s---mn-	δορίληπτος	δορῐ́ληπτος
δρακών	n-s---mn-	δρακών	δρᾰκών
δράκων	n-s---mn-	δράκων	δρᾰ́κων
δραμεῖν	v--pna---	δραμέω	δρᾰμεῖν
δραμοῦμαι	v1spie---	δραμοῦμαι	δρᾰμοῦμαι
δραπέτης	n-s---mn-	δραπέτης	δρᾱπέτης
δρυμός	n-s---mn-	δρυμός	δρῡμός
δύη	n-s---fn-	δύη	δῠ́η
δύναμαι	v1spie---	δύναμαι	δῠ́νᾰμαι
δύναμις	n-s---fn-	δύναμις	δῠ́νᾰμῐς
δύνασις	n-s---fn-	δύνασις	δύνᾰσις
δυνατός	a-s---mn-	δυνατός	δῠνᾰτός
δυσαίων	a-p---mg-	δυσαῖος	δῠσαίων
δυσάλγητος	a-s---mn-	δυσάλγητος	δῠσάλγητος
δυσάλωτος	a-s---mn-	δυσάλωτος	δῠσᾰ́λωτος
δύσβατος	a-s---fn-	δύσβατος	δῠ́σβᾰτος
δυσείματος	n-s---ng-	δυσεῖμα	δῠσείμᾰτος
δύσελπις	a-s---fn-	δύσελπις	δῠ́σελπις
δύσθυμος	a-s---fn-	δύσθυμος	δῠ́σθῡμος
δυσκάθαρτος	a-s---mn-	δυσκάθαρτος	δῠσκάθαρτος
δυσίατος	a-s---fn-	δυσίατος	δῠσῑ́ᾱτος
δυσκέλαδος	a-s---fn-	δυσκέλαδος	δυσκέλᾰδος
δυσμαχητέον	a-s---nn-	δυσμαχητέος	δυσμᾰχητέον
δυσοίζω	v1spia---	δυσοίζω	δῠσοίζω
δυσόμιλος	a-s---fn-	δυσόμιλος	δῠσόμιλος
δύσορνις	n-s---fn-	δύσορνις	δῠ́σορνις
δύσορμος	a-s---fn-	δύσορμος	δῠ́σορμος
δύσοργος	a-s---mn-	δύσοργος	δῠ́σοργος
δυσπάλαιστος	a-s---mn-	δυσπάλαιστος	δυσπᾰ́λαιστος
δυσπρόσιτος	a-s---mn-	δυσπρόσιτος	δυσπρόσῐτος
δυστάλας	a-p---ma-	δυστάλας	δυστάλᾱς
δυστάλας	---------	δυστάλες	δυστάλᾱς
δύστανος	a-s---mn-	δύστανος	δύστᾱνος
δύστανος	a-s---fv-	δύστηνος	δύστᾱνος
δύστανος	a-s---mn-	δύστηνος	δύστᾱνος
δύστανος	a-s---fn-	δύστηνος	δύστᾱνος
δυστράπελος	a-s---mn-	δυστράπελος	δυστρᾰ́πελος
δυστυχής	u--------	δυστυχής	δυστῠχής
δυστυχής	a-s---mn-	δυστυχής	δυστῠχής
δυστυχία	u--------	δυστυχία	δυστῠχία
δυστυχία	n-s---fn-	δυστυχία	δυστῠχία
δυσώδης	a-s---mn-	δυσώδης	δῠσώδης
δυσώνυμος	a-s---mn-	δυσώνυμος	δῠσώνῠμος
δωδέκατος	a-s---mn-	δωδέκατος	δωδέκᾰτος
ἔα	v2spma---	ἔα	ἔᾱ
ἅτερος	a-s---mn-	ἐἅτερος	ᾰ̔́τερος
ἐατέος	a-s---mn-	ἐατέος	ἐᾱτέος
ἔα	v3spia---	ἐάω	ἔᾱ
ἔα	v2spma---	ἐάω	ἔᾱ
ἐγγύς	d--------	ἐγγύς	ἐγγῠ́ς
ἐγγύς	r--------	ἐγγύς	ἐγγῠ́ς
ἔδρακον	v1siia---	ἔδρακον	ἔδρᾰκον
ἕδρανον	n-s---na-	ἕδρανω	ἕδρᾰνον
ἔα	a-p---nn-	εἰμί	ἔᾱ
ἴθι	v2spma---	εἶμι	ἴθῐ
εἰσάγω	v1spia---	εἰσάγω	εἰσᾰ́γω
εἰσόπιν	n-s---fa-	εἰσόπι	εἰσόπῐν
ἕκαθεν	d--------	ἕκαθεν	ἕκᾰθεν
ἔκβασις	n-s---fn-	ἔκβασις	ἔκβᾰσις
ἔκδικος	a-s---mn-	ἔκδικος	ἔκδῐκος
ἕκατι	r--------	ἕκητι	ἕκᾱτι
ἕκατι	d--------	ἕκητι	ἕκᾱτι
ἔκκριτος	a-s---mn-	ἔκκριτος	ἔκκρῐτος
ἐκπέραμα	n-s---na-	ἐκπέραμα	ἐκπέρᾱμα
ἔκριν	v3siia---	ἔκριν	ἔκρῑν
ἐκτάδην	d--------	ἐκτάδαν	ἐκτᾰδην
ἐκτάδην	d--------	ἐκτάδη	ἐκτᾰδην
ἐλάτης	n-s---fg-	ἐλάτη	ἐλᾰτης
ἔλαφος	n-s---fn-	ἔλαφος	ἔλᾰφος
ἔμβα	a-p---na-	ἔμβα	ἔμβᾱ
ἐμβιβάζω	v1spia---	ἐμβιβάζω	ἐμβῐβάζω
ἔμπας	d--------	ἔμπας	ἔμπᾱς
ἔμπαλιν	d--------	ἔμπαλιν	ἔμπᾰλιν
ἔμπυρος	a-s---mn-	ἔμπυρος	ἔμπῠρος
ἐμφανής	a-s---mn-	ἐμφανής	ἐμφᾰνής
ἐμφανής	a-s---fn-	ἐμφανής	ἐμφᾰνής
ἔμψυχος	a-s---fn-	ἔμψυχος	ἔμψῡχος
ἔνατος	a-s---mn-	ἔνατος	ἔνᾰτος
ἔνδικος	a-s---fn-	ἔνδικος	ἔνδῐκος
ἔνδικος	a-s---mn-	ἔνδικος	ἔνδῐκος
ἔνθα	d--------	ἔνθα	ἔνθᾰ
ἐνθάκησις	n-s---fn-	ἐνθάκησις	ἐνθᾱ́κησις
ἔνθαπερ	d--------	ἔνθαπερ	ἔνθᾰπερ
ἐννέα	m--------	ἐννέα	ἐννέᾰ
ἐννύχιος	a-s---mn-	ἐννύχιος	ἐννῠχιος
ἔννυχος	a-s---fn-	ἔννυχος	ἔννῠχος
ἔννυχος	a-s---mn-	ἔννυχος	ἔννῠχος
ἐνιδεῖν	v--ana---	ἐνοράω	ἐνῐδεῖν
ἔντιμος	a-s---fn-	ἔντιμος	ἔντῑμος
ἔντιμος	a-s---mn-	ἔντιμος	ἔντῑμος
Ἐνυάλιος	n-s---mn-	ἐνυάλιος	Ἐνῡᾰ́λιος
Ἐνυώ	v1spia---	Ἐνυώ	Ἐνῡώ
ἐξακοντίζω	v1spia---	ἐξακοντίζω	ἐξᾰκοντίζω
ἐξόμιλος	n-s---fn-	ἐξόμιλος	ἐξόμῑλος
ἐξύφασμα	n-s---na-	ἐξύφασμα	ἐξῠφασμα
ἔπαθον	v1siia---	ἔπαθον	ἔπᾰθον
ἐπαΐω	v1spia---	ἐπαίω	ἐπᾱϊω
ἐπακούω	v1spia---	ἐπακούω	ἐπᾰκούω
ἐπαρωγός	n-s---mn-	ἐπαρωγός	ἐπᾰρωγός
Ἔπαφος	a-s---mn-	Ἔπαφος	Ἔπᾰφος
ἐπενδίδωμι	v1spia---	ἐπενδγίδωμι	ἐπενδῐ́δωμι
ἐπιδεῖν	v--pna---	ἐπιδάω	ἐπῐδεῖν
ἐπίκρανον	a-s---na-	ἐπίκρανος	ἐπίκρᾱνον
ἐπίσσυτος	a-s---mn-	ἐπίσσυτος	ἐπίσσῠτος
ἐπίσταμαι	v1spie---	ἐπίσταμαι	ἐπίστᾰμαι
ἐπιστάτης	n-s---mn-	ἐπιστάτης	ἐπιστᾰ́της
ἑπτά	m--------	ἑπτά	ἑπτᾰ́
ἐπώνυμος	a-s---mn-	ἐπώνυμος	ἐπώνῠμος
ἐπώνυμος	a-s---fn-	ἐπώνυμος	ἐπώνῠμος
ἔραται	v3spie---	ἔραμαι	ἔρᾱται
ἔραμαι	v1spie---	ἔραμαι	ἔρᾰμαι
ἐργαστέον	a-s---nn-	ἐργαστέος	ἐργᾰστέον
ἐρίδματος	n-s---ng-	ἐρίδμα	ἐρίδμᾱτος
Ἐρινύς	n-s---fn-	ἐρινύς	Ἐρῑνύς
ἐρύθημα	n-s---na-	ἐρύθημα	ἐρῠθημα
ἔρυμα	n-s---na-	ἔρυμα	ἔρῠμα
ἤλυθον	v3paia---	ἔρχομαι	ἤλῠθον
ἤλυθον	v1saia---	ἔρχομαι	ἤλῠθον
ἕστακα	v1sria---	ἕστακα	ἕστᾰκα
ἔσχατος	a-s---mn-	ἔσχατος	ἔσχᾰτος
ἐτήτυμος	a-s---fn-	ἐτήτυμος	ἐτήτῠμος
ἐτήτυμος	a-s---mn-	ἐτήτυμος	ἐτήτῠμος
ἔτυμος	a-s---mn-	ἔτυμος	ἔτῠμος
ἔτυμος	a-s---mg-	ἔτυμος	ἔτῠμος
εὔβατος	a-s---mn-	εὔβατος	εὔβᾰτος
εὐθήρατος	a-s---mn-	εὐθήρατος	εὐθήρᾱτος
εὔτριχος	a-s---fg-	εὔθριξ	εὔτρῐχος
εὔθυνος	a-s---mn-	εὔθυνος	εὔθῡνος
εὐκέλαδος	n-s---fg-	εὐκέλας	εὐκέλᾰδος
εὐνατήριον	a-s---na-	εὐνατήριος	εὐνᾱτήριον
εὔπατρις	n-s----n-	εὔπατρις	εὔπᾰτρις
εὐπιθής	n-s---fg-	εὐπιθής	εὐπῐθής
εὔρις	v-sapamn-	εὔρις	εὔρῑς
εὔρινος	a-s---mn-	εὔρινος	εὔρῑνος
εὔτυκος	a-s---mn-	εὔτυκος	εὔτῠκος
εὐτυχία	n-s---fn-	εὐτυχία	εὐτῠχῐ́ᾱ
εὔχαρις	v3spia---	εὔχαρις	εὔχᾰρῐς
εὔχαρις	n-p---fa-	εὔχαρις	εὔχᾰρῐς
ἔφα	v3siia---	ἔφα	ἔφᾱ
εὔψυχος	a-s---mn-	εὔψυχος	εὔψῡχος
ἐφίμερος	a-s---fn-	ἐφίμερος	ἐφῑ́μερος
ἔφλαδον	d--------	ἔφλαδον	ἔφλᾰδον
ζυγόν	n-s---na-	ζυγόν	ζῠγόν
ζυγόν	n-s---ma-	ζυγόν	ζῠγόν
ζυγόν	n-s---ma-	ζυγός	ζῠγόν
ἡδονά	n-s---fa-	ἡδονά	ἡδονᾱ́
ἥλιος	n-s---mn-	ἥλιος	ἥλῐος
ἥμισυς	a-s---mn-	ἥμισυς	ἥμῐσυς
ἡνίκα	c--------	ἡνίκα	ἡνίκᾰ
ἡνίκα	d--------	ἡνίκα	ἡνίκᾰ
ἥπατος	n-s---ng-	ἥπα	ἥπᾰτος
ἥπατος	n-s---ng-	ἥπατος	ἥπᾰτος
ἤπιος	a-s---mn-	ἤπιος	ἤπῐος
ἡσυχία	n-s---fn-	ἡσυχία	ἡσῠχία
ἥσυχος	a-s---mn-	ἥσυχος	ἥσῠχος
ἥσυχος	a-s---fn-	ἥσυχος	ἥσῠχος
θάκημα	n-s---na-	θάκημα	θᾱ́κημα
θαλάμευμα	n-s---nv-	θαλάμευμα	θᾰλᾰμευμα
θάλασσα	n-s---fn-	θάλασσα	θᾰ́λᾰσσᾰ
θαλασσία	a-s---fn-	θαλασσῖος	θᾰλασσία
θαλάσσιος	a-s---mn-	θαλάσσιος	θᾰλάσσιος
θαμά	d--------	θαμά	θᾰμά
θανάσιμος	a-s---fn-	θανάσιμος	θᾰνᾰ́σῐμος
θάνατος	n-s---mn-	θάνατος	θᾰ́νᾰτος
θάπτω	v1spia---	θάπτω	θᾰ́πτω
θέα	n-s---fn-	θέα	θέᾱ
θέα	n-s---fv-	θέα	θέᾱ
θέαμα	n-s---na-	θέαμα	θέᾱμα
θέαμα	n-s---nn-	θέαμα	θέᾱμα
θεατός	a-s---mn-	θεατός	θεᾱτός
θεήλατος	a-s---fn-	θεήλατος	θεήλᾰτος
θεοτίμητος	n-s---mn-	θεοτίμητος	θεοτῑ́μητος
θεόσυτος	a-s---fn-	θεόσυτος	θεόσῠτος
θεράπευμα	n-s---na-	θεράπευμα	θερᾰπευμα
θεραπεύω	v1spia---	θεραπεύω	θερᾰπεύω
θεράπων	n-s---mn-	θεράπων	θερᾰ́πων
θεσφατηλόγος	a-s---fn-	θεσφατηλόγος	θεσφᾰτηλόγος
θέσφατος	a-s---mg-	θέσφατος	θέσφᾰτος
θήραμα	n-s---nv-	θήραμα	θήρᾱμα
θίασος	n-s---mn-	θίασος	θῐᾰσος
θοινατήριον	a-s---fa-	θοινατήριος	θοινᾱτήριον
θόρυβος	n-s---mn-	θόρυβος	θόρῠβος
θράσος	n-s---nn-	θράσος	θρᾰ́σος
θράσος	u--------	θράσος	θρᾰ́σος
θράσος	n-s---na-	θράσος	θρᾰ́σος
θρασύς	a-s---mn-	θρασύς	θρᾰσύς
θρασύστομος	a-s---fn-	θρασύστομος	θρᾰσύστομος
τρίχα	n-s---fa-	θρίξ	τρίχᾰ
τρίχα	n-s---fn-	θρίξ	τρίχᾰ
ἔθρισεν	v3saia---	θρίω	ἔθρῐσεν
θυγάτηρ	n-s---fn-	θυγάτηρ	θῠγάτηρ
θυμαλγής	a-s---mn-	θυμαλγής	θῡμαλγής
θυμόμαντις	n-s---mn-	θυμόμαντις	θῡμόμαντις
θυμός	n-s---mn-	θυμός	θῡμός
θύραθεν	d--------	θύραθεν	θῠ́ρᾱθεν
θύρασιν	n-p---fd-	θύρας	θῠ́ρᾱσιν
θύρασι	n-p---fd-	θύρασ	θῠ́ρᾱσι
θύρετρα	n-p---na-	θύρετρα	θῠ́ρετρᾰ
θυροκόπος	a-s---fn-	θυροκόπος	θῠροκόπος
θυτήρ	n-s---mn-	θυτήρ	θῠτήρ
θυτήριον	a-s---nn-	θυτήριος	θῠτήριον
ἰάλεμος	n-s---mn-	ἰάλεμος	ἰᾱλεμος
ἰατρόμαντις	n-s---mn-	ἰατρόμαντις	ἰᾱτρόμαντις
ἰατρός	n-s---mn-	ἰατρός	ῑ̓ᾱτρός
ἵδρυμα	n-s---na-	ἵδρυμα	ἵδρῡμα
ἱδρυτέον	a-s---nn-	ἱδρυτέον	ἱδρῡτέον
ἱερεύς	n-s---mn-	ἱερεύς	ῐ̔ερεύς
ἱερός	u--------	ἱερός	ῐ̔ερός
ἴλα	n-s---fn-	ἴλα	ἴλᾱ
ἵμερος	n-s---mn-	ἵμερος	ῑ̔́μερος
ἵνα	c--------	ἵνα	ῐ̔́νᾰ
ἵνα	d--------	ἵνα	ῐ̔́νᾰ
ἵππος	n-s---mn-	ἵππος	ῐ̔́ππος
ἴς	n-s---fa-	ἴς	ῑ̓́ς
ἰσοτριβής	a-s---fn-	ἰσοτριβής	ἰσοτρῐβής
κα	g--------	κα	κᾱ
κατά	v2sama---	καθά	κᾰτᾰ́
κατά	a-s---fn-	καθά	κᾰτᾰ́
κατά	a-s---na-	καθά	κᾰτᾰ́
καθαρμός	n-s---mn-	καθαρμός	κᾰθαρμός
καθαρός	a-s---mn-	καθαρός	κᾰθᾰρός
καθάρσιος	a-s---mn-	καθάρσιος	κᾰθάρσιος
καθάρσιος	n-s---fg-	καθάρσις	κᾰθάρσιος
κακόμαντις	n-s---fn-	κακόμαντις	κᾰκόμαντις
κακόμητις	a-s---mn-	κακόμητις	κᾰκόμητῐς
κακός	u--------	κακός	κᾰκός
κακός	a-s---mn-	κακός	κᾰκός
κακοῦργος	a-s---mn-	κακοῦργος	κᾰκοῦργος
κακοῦργος	a-s---fn-	κακοῦργος	κᾰκοῦργος
κακόφρων	a-s---mn-	κακόφρων	κᾰκόφρων
κακόφρων	a-s---fn-	κακόφρων	κᾰκόφρων
κάλαμος	n-s---mn-	κάλαμος	κᾰ́λᾰμος
καλέω	v1spia---	καλέω	κᾰλέω
καλλίνικος	a-s---mn-	καλλίνικος	καλλίνῑκος
καλλίνικος	n-s---mn-	καλλίνικος	καλλίνῑκος
κάματος	n-s---mn-	κάματος	κᾰ́μᾰτος
κάρα	u--------	κάρα	κᾰ́ρᾱ
κάρα	n-s---nn-	κάρα	κᾰ́ρᾱ
κάρα	n-s---na-	κάρα	κᾰ́ρᾱ
κάρα	n-s---nd-	κάρα	κᾰ́ρᾱ
κάρα	n-s---nv-	κάρα	κᾰ́ρᾱ
κάρα	n-p---na-	κάρα	κᾰ́ρᾱ
καράτομος	a-s---fn-	καράτομος	κᾰρᾱ́τομος
κάρβανος	a-s---mn-	κάρβανος	κάρβᾱνος
κάρτα	u--------	κάρτα	κάρτᾰ
κάρτα	d--------	κάρτα	κάρτᾰ
κα	n-s---na-	κας	κᾱ
κασιγνήτη	n-s---fv-	κασιγνήτη	κᾰσιγνήτη
κασιγνήτη	n-s---fn-	κασιγνήτη	κᾰσιγνήτη
κασίγνητος	n-s---fn-	κασίγνητος	κᾰσίγνητος
κασίγνητος	n-s---mg-	κασίγνητος	κᾰσίγνητος
κασίγνητος	n-s---mn-	κασίγνητος	κᾰσίγνητος
κασίγνητος	n-s---fg-	κασίγνητος	κᾰσίγνητος
κατά	r--------	κατά	κᾰτᾰ́
καταβόστρυχος	a-s---mn-	καταβόστρυχος	καταβόστρῠχος
καταιβάτης	n-s---mn-	καταιβάτης	καταιβᾰ́της
κατακούω	v1spia---	κατακούω	κατᾰκούω
κατάρατος	a-s---fn-	κατάρατος	κατᾰ́ρᾱτος
κατάστασις	n-s---fn-	κατάστασις	κατάστᾰσις
κάτθανε	v2sama---	κάτθανε	κάτθᾰνε
κατολοφύρομαι	v1spie---	κατολοφύρω	κατολοφῡ́ρομαι
κατολοφύρομαι	v1spie---	κατολοφύρομαι	κατολοφῡ́ρομαι
κατώρυχος	n-s---fg-	κατῶρυξ	κατώρῠχος
κέαρ	n-s---nn-	κέαρ	κέᾰρ
κειμήλιον	n-s---na-	κειμήλιον	κειμήλῐον
κελάδημα	n-s---na-	κελάδημα	κελᾰδημα
κέλαδος	n-s---nn-	κέλαδος	κέλᾰδος
κέλαδος	n-s---mn-	κέλαδος	κέλᾰδος
κέρας	n-s---na-	κέρας	κέρᾰς
κέρας	n-s---nn-	κέρας	κέρᾰς
κηλὶς	n-s---fn-	κηλὶς	κηλῑ́ς
κηλὶς	n-s---fn-	κηλίς	κηλῑ́ς
κίναδος	n-s---na-	κίναδος	κῐ́ναδος
κινδύνευμα	n-s---nn-	κινδύνευμα	κινδῡ́νευμα
κλυδώνιον	a-s---na-	κλυδώνιος	κλῠδώνιον
κνέφας	n-s---nn-	κνέφας	κνέφᾰς
κνέφας	n-s---na-	κνέφας	κνέφᾰς
κοίρανος	n-s---mn-	κοίρανος	κοίρᾰνος
κοίρανος	a-s---fg-	κοίρανος	κοίρᾰνος
κοίρανος	n-s---fg-	κοίρανος	κοίρᾰνος
κόναβος	n-s---mn-	κόναβος	κόνᾰβος
κόρακος	n-s---mg-	κόρακς	κόρᾰκος
κραδίας	n-s---fg-	κραδία	κρᾰδίας
κραδία	n-s---fn-	κραδίος	κρᾰδία
κράνος	n-s---na-	κράνος	κρᾰ́νος
κρατός	n-s---na-	κράς	κρᾱτός
κράτιστος	a-s---mns	κράτιστος	κρᾰτιστος
κράτος	n-s---na-	κράτος	κρᾰ́τος
κράτος	n-s---nv-	κράτος	κρᾰ́τος
κράτος	n-s---ng-	κράτος	κρᾰ́τος
κράτος	u--------	κράτος	κρᾰ́τος
κράτος	n-s---nn-	κράτος	κρᾰ́τος
κρίσις	n-s---fn-	κρίσις	κρίσῐς
κριτής	n-s---mn-	κριτής	κρῐτής
κροκοβαφὴς	a-s---mn-	κροκοβαφής	κροκοβᾰφής
κρύβδα	d--------	κρύβδα	κρύβδᾰ
κρύος	n-s---nn-	κρύος	κρῠος
κρύος	n-s---na-	κρύος	κρῠος
κρύπτω	v1spia---	κρύπτω	κρῠ́πτω
κρυφῇ	d--------	κρυφῇ	κρῠφῇ
ἔκτα	v3saia---	κτείνω	ἔκτᾰ
κτύπημα	n-s---na-	κτύπημαον	κτῠπημα
κτύπος	n-s---mn-	κτύπος	κτῠπος
κυανόπτερος	a-s---mn-	κυανόπτερος	κῠᾰνόπτερος
κύκλος	n-s---mn-	κύκλος	κῠ́κλος
κυναγέτας	n-p---ma-	κυναγέτης	κυνᾱγέτᾱς
κυνηγέτης	n-s---mn-	κυνηγέτης	κῠνηγέτης
κυνόφρων	a-s---fn-	κυνόφρων	κῠνόφρων
Κύπριος	a-s---mn-	κύπριος	Κύπρῐος
κυρία	a-s---fn-	κυρίος	κῡρία
κυρίως	d--------	κυρίως	κῡρίως
κύτος	n-s---nn-	κύτος	κῠ́τος
κύτος	n-s---na-	κύτος	κῠ́τος
κύων	n-s---fn-	κύων	κῠ́ων
κύων	n-s---mn-	κύων	κῠ́ων
λαβρόσυτος	a-s---mn-	λαβρόσυτος	λαβρόσῠτος
λάθα	v1saia---	λάθα	λάθᾱ
λαθίπονος	a-s---mn-	λαθίπονος	λᾱθίπονος
λακεῖν	v--ana---	λακεῖν	λᾰκεῖν
λακίς	n-s---fn-	λακίς	λᾰκίς
λάλημα	n-s---nn-	λάλημα	λᾰλημα
λακεῖν	v--ana---	λάσκω	λᾰκεῖν
Λατογενής	a-s---fn-	Λατογενής	Λᾱτογενής
λάφυρα	n-p---na-	λάφυρον	λάφῡρα
λείψανον	n-s---nn-	λείψανος	λείψᾰνον
λείψανον	n-s---na-	λείψανον	λείψᾰνον
λιβάς	n-s---fn-	λιβάς	λῐβάς
Λιβύη	n-s---fn-	λιβύη	Λῐβῠ́η
Λίβυς	n-s---mn-	λίβυς	Λῐ́βῠς
λιμήν	n-s---mn-	λιμήν	λῐμήν
λιμός	n-s---mn-	λιμός	λῑμός
λινορραφής	a-s---mn-	λινορραφής	λῐνορρᾰφής
λίνον	n-s---nn-	λίνον	λῐ́νον
λιπόναυς	v-sapamn-	λιπόναυς	λῐπόναυς
λίπος	n-s---na-	λίπος	λῐ́πος
λιταίνω	v1spia---	λιταίνω	λῐταίνω
λοχαγέτας	n-p---fa-	λοχαγέτη	λοχᾱγέτας
λοχαγέτας	n-p---ma-	λοχαγές	λοχᾱγέτας
λοχαγός	n-s---mn-	λοχαγός	λοχᾱγός
Λυδία	n-s---fn-	λυδία	Λῡδία
λύκος	n-s---mn-	λύκος	λῠ́κος
λυμαντήριος	a-s---fn-	λυμαντήριος	λῡμαντήριος
λύπη	n-s---fn-	λύπη	λῡ́πη
λύσσα	n-s---fn-	λύσσα	λύσσᾰ
λύσις	n-s---fn-	λύσις	λῠ́σῐς
μακαρία	a-p---na-	μακάριος	μᾰκᾰρία
μακαρία	a-s---fn-	μακάριος	μᾰκᾰρία
μακαρίζω	v1spia---	μακαρίζω	μᾰκᾰρίζω
μακάριος	a-s---mn-	μακάριος	μᾰκᾰ́ριος
μάκαρος	n-s---mg-	μάκαρος	μᾰκᾰρος
μαλακογνώμων	a-s---mn-	μαλακογνώμων	μᾰλᾰκογνώμων
μανία	u--------	μανία	μᾰνία
μανία	n-s---fn-	μανία	μᾰνία
μανιάς	n-s---fg-	μανιά	μᾰνιάς
μάντις	n-s---fn-	μάντις	μᾰ́ντῐς
μάντις	n-s---mn-	μάντις	μᾰ́ντῐς
μάρμαρον	n-s---na-	μάρμαρος	μάρμᾰρον
μαρμαρωπός	a-s---fn-	μαρμαρωπός	μαρμᾰρωπός
μάρτυρ	n-p---na-	μάρτυρ	μάρτῠρ
μάρτυρ	n-s---ma-	μάρτυρ	μάρτῠρ
μάρτυρος	n-s---mg-	μάρτυρος	μάρτῠρος
μάρτυς	n-s---mn-	μάρτυς	μάρτῠς
μάταν	n-s---fa-	μάτα	μᾰ́τᾱν
μάταν	n-s---ma-	μάτα	μᾰ́τᾱν
μάταιος	u--------	μάταιος	μᾰ́ταιος
μάταιος	a-s---fn-	μάταιος	μᾰ́ταιος
μάταιος	a-s---mn-	μάταιος	μᾰ́ταιος
μάταν	n-s---mv-	μάταν	μᾰ́τᾱν
μάταν	n-s---na-	μάταν	μᾰ́τᾱν
μάταν	n-s---mv-	μάτας	μᾰ́τᾱν
μάταν	n-s---fa-	μάτη	μᾰ́τᾱν
μάτην	d--------	μάτην	μᾰ́την
ματεύω	v1spia---	ματεύω	μᾰτεύω
μάχη	n-s---fn-	μάχη	μᾰχη
μάχη	u--------	μάχη	μᾰχη
μεγαλόμητις	a-s---mn-	μεγαλόμητις	μεγᾰλόμητις
μεγαλόπολις	a-s---fn-	μεγαλόπολις	μεγᾰλόπολις
μεγαλόσπλαγχνος	a-s---fn-	μεγαλόσπλαγχνος	μεγᾰλόσπλαγχνος
μεγαλώνυμος	a-s---fn-	μεγαλώνυμος	μεγᾰλώνῠμος
Μεγαρεύς	n-s---mn-	Μεγαρεύς	Μεγᾰρεύς
μέγας	u--------	μέγας	μέγᾰς
μέγας	a-s---mn-	μέγας	μέγᾰς
μέθυ	v2spma---	μέθυ	μέθῠ
μέθυ	n-p---na-	μέθυ	μέθῠ
μέλαθρον	n-s---nv-	μέλαθρον	μέλᾰθρον
μέλαθρον	n-s---nn-	μέλαθρον	μέλᾰθρον
μέλαθρον	n-s---na-	μέλαθρον	μέλᾰθρον
μελάναιγις	n-p---fd-	μελάναιγις	μελᾰναιγῐς
μέλαν	a-s---na-	μέλας	μέλᾰν
μέλαν	a-s---nn-	μέλας	μέλᾰν
μέλας	a-s---mn-	μέλας	μέλᾱς
μελεοπαθής	a-s---mn-	μελεοπαθής	μελεοπᾰθής
μέλι	n-s---na-	μέλι	μέλῐ
μέλισσα	n-s---fn-	μέλισσα	μέλισσᾰ
μεμηχανημένως	d--------	μεμηχανημένος	μεμηχᾰνημένως
Μενέλαος	n-s---mn-	μενέλαος	Μενέλᾱος
μεσόμφαλος	a-s---fn-	μεσόμφαλος	μεσόμφᾰλος
μεταγράφω	v1spia---	μεταγράφω	μεταγρᾰ́φω
μετάστασις	n-s---fn-	μετάστασις	μετάστᾰσις
μετόπιν	d--------	μετόπιν	μετόπῐν
μηδαμῇ	d--------	μηδαμῇ	μηδᾰμῇ
μηδαμῇ	d--------	μηδαμῆ	μηδᾰμῇ
μηδαμοῦ	d--------	μηδαμός	μηδᾰμοῦ
μηδαμοῦ	d--------	μηδαμοῦ	μηδᾰμοῦ
μηδαμῶς	d--------	μηδαμός	μηδᾰμῶς
μητραλοίας	n-p---ma-	μητραλοίας	μητρᾰλοίας
μηχανή	n-s---fn-	μηχανή	μηχᾰνή
μηχανορράφος	a-s---mn-	μηχανορράφος	μηχᾰνορράφος
μηχάνημα	n-s---na-	μηχάνημα	μηχᾰ́νημα
μιαιφόνος	a-s---fn-	μιαιφόνος	μῐαιφόνος
μίσημα	n-s---na-	μίσημα	μῑ́σημα
μίσημα	n-s---nv-	μίσημα	μῑ́σημα
μνησιπήμων	a-s---mn-	μνησιπήμων	μνησῐπήμων
μόγις	d--------	μόγις	μόγῐς
μόλις	d--------	μόλις	μόλῐς
μόνιμος	a-s---mn-	μόνιμος	μόνῐμος
μόρσιμος	a-s---fn-	μόρσιμος	μόρσῐμος
μόρσιμος	a-s---mn-	μόρσιμος	μόρσῐμος
μυριόνταρχος	n-s---mn-	μυριόνταρχος	μῡρῐόνταρχος
μυρίος	a-s---mn-	μυρίος	μῡρίος
μύσος	n-s---na-	μύσος	μῠ́σος
μύσος	n-s---nn-	μύσος	μῠ́σος
μύσος	n-s---mn-	μύσος	μῠ́σος
μυχόθεν	d--------	μυχόθεν	μῠχόθεν
μυχός	n-s---mn-	μυχός	μῠχός
ναός	u--------	ναός	νᾱός
ναός	n-s---mg-	ναός	νᾱός
ναός	n-s---fg-	ναός	νᾱός
νάπη	n-s---fd-	νάπη	νᾰ́πη
νάπος	n-s---na-	νάπος	νᾰ́πος
νάπη	n-s---fd-	νάπης	νᾰ́πη
ναυβάτης	n-s---mn-	ναυβάτης	ναυβᾰ́της
ναυτίλος	n-s---mn-	ναυτίλος	ναυτῐ́λος
νεανίας	u--------	νεανίας	νεᾱνίας
νεανίας	n-s---mn-	νεανίας	νεᾱνίας
νεανίας	n-p---ma-	νεανίας	νεᾱνίας
νέατος	a-s---mn-	νέατος	νέᾰτος
νεοσφαγής	a-s---fn-	νεοσφαγής	νεοσφᾰγής
νήπιος	a-s---mn-	νήπιος	νήπῐος
νίκη	n-s---fn-	νίκη	νῑ́κη
νιν	p-s---ma-	νιν	νῐν
νιν	u--------	νιν	νῐν
νιν	p-s---fa-	νιν	νῐν
νιν	p-s---na-	νιν	νῐν
νιν	p-p---na-	νιν	νῐν
νιν	p-p---ma-	νιν	νῐν
νοθαγενής	a-s---mn-	νοθαγενής	νοθᾱγενής
νυκτίπλαγκτος	a-s---mn-	νυκτίπλαγκτος	νυκτῐπλαγκτος
νύμφα	n-s---fn-	νύμφα	νύμφᾰ
νυμφαγωγός	a-s---fn-	νυμφαγωγός	νυμφᾰγωγός
νύμφα	n-s---fv-	νύμφη	νύμφᾰ
νύμφα	n-s---fn-	νύμφη	νύμφᾰ
νυχεύω	v1spia---	νυχεύω	νῠχεύω
νώνυμος	a-s---mn-	νώνυμος	νώνῠμος
ξεναπάτης	v-sapamn-	ξεναπάτης	ξενᾰπάτης
ξιφήρης	a-s---mn-	ξιφήρης	ξῐφήρης
ξιφήρης	n-s---fg-	ξιφήρης	ξῐφήρης
ξιφηφόρος	a-s---fn-	ξιφηφόρος	ξῐφηφόρος
ξιφηφόρος	a-s---mn-	ξιφηφόρος	ξῐφηφόρος
ξίφος	n-s---na-	ξίφος	ξῐ́φος
ξίφος	n-s---nn-	ξίφος	ξῐ́φος
ξόανον	n-s---na-	ξόανον	ξόᾰνον
ξύνεσις	n-s---fn-	ξύγεσις	ξῠ́νεσῐς
ξύλον	n-s---na-	ξύλον	ξῠ́λον
ξυνών	v-sppamn-	ξυνών	ξῡνών
ξυνών	v-sppamn-	ξυνώνμι	ξῡνών
ξυνωρίς	v2spia---	ξυνωρίς	ξῠνωρίς
ξυνωρίς	n-s---fn-	ξυνωρίς	ξῠνωρίς
Ὄγκα	n-s---fn-	Ὄγκα	Ὄγκᾱ
ὁδίτης	n-s---mn-	ὁδίτης	ὁδῑ́της
ὀδύνη	n-s---fn-	ὀδύνη	ὀδῠ́νη
ὅθι	d--------	ὅθι	ὅθῐ
οἰακοστρόφος	a-s---fn-	οἰακοστρόφος	οἰᾱκοστρόφος
οἰακοστρόφος	a-s---mn-	οἰακοστρόφος	οἰᾱκοστρόφος
οἴκαδε	d--------	οἴκαδε	οἴκᾰδε
οἰκοφύλαξ	n-s---mn-	οἰκοφύλαξ	οἰκοφῠ́λᾰξ
Οἰχαλία	n-s---fn-	οἰχαλία	Οἰχᾰλία
ὀλιγάκις	d--------	ὀλιγάκις	ὀλῐγᾰ́κῐς
ὀλοφύρομαι	v1spie---	ὀλοφύρομαι	ὀλοφῡ́ρομαι
ὁμήγυρις	n-s---fn-	ὁμήγυρις	ὁμήγῠρις
ὁμιλία	n-s---fn-	ὁμιλία	ὁμῑλία
ὅμιλος	n-s---mn-	ὅμιλος	ὅμῑλος
ὄμμα	n-s---nn-	ὄμμα	ὄμμᾰ
ὄμμα	n-s---na-	ὄμμα	ὄμμᾰ
ὄμμα	n-s---nv-	ὄμμα	ὄμμᾰ
ὁμόγαμος	a-s---mn-	ὁμόγαμος	ὁμόγᾰμος
ὄμνυμι	v1spia---	ὄμνυμι	ὄμνῡμι
ὄναρ	n-s---na-	ὄναρ	ὄνᾰρ
ὄναρ	n-s---nn-	ὄναρ	ὄνᾰρ
ὄνασις	n-s---fn-	ὄνασις	ὄνᾱσις
ὀξύθυμον	a-s---na-	ὀξύθυμος	ὀξύθῠμον
ὀξυθυμίας	n-s---fg-	ὀξυθυμία	ὀξῠθῡμίας
ὀξύθυμος	a-s---fn-	ὀξύθυμος	ὀξύθῡμος
ὀξύφρων	a-s---fn-	ὀξύφρων	ὀξῠφρων
ὀξύχολος	a-s---mn-	ὀξύχολος	ὀξῠχολος
ὀξύφωνος	a-s---mn-	ὀξύφωνος	ὀξῠφωνος
ὁπόταν	c--------	ὁόταν	ὁπότᾰν
ὁπόταν	d--------	ὁόταν	ὁπότᾰν
ὁπόθι	d--------	ὁπόθι	ὁπόθῐ
ὁπλίτης	n-s---mn-	ὁπλίτης	ὁπλῑ́της
ὁπλίτης	a-s---mn-	ὁπλίτης	ὁπλῑ́της
ὀρειβάτης	n-s---fn-	ὀρειβάτης	ὀρειβᾰ́της
ὁρμαθῶ	v1sasa---	ὁρμαθῶ	ὁρμᾱθῶ
ὀρφανός	a-s---mn-	ὀρφανός	ὀρφᾰνός
ὅτι	c--------	ὅτι	ὅτῐ
ὅτι	d--------	ὅτι	ὅτῐ
ὅτι	p-s---na-	ὅτις	ὅτῐ
ὅτι	u--------	ὅτι	ὅτῐ
οὐδαμῇ	d--------	οὐδαμῇ	οὐδᾰμῇ
οὐδαμῶς	d--------	οὐδαμῶς	οὐδᾰμῶς
οὐδαμοῦ	d--------	οὐδαμοῦ	οὐδᾰμοῦ
οὐδαμοῦ	a-s---mg-	οὐδαμός	οὐδᾰμοῦ
οὐρανομήκης	a-s---fn-	οὐρανομήκης	οὐρᾰνομήκης
οὐριβάτας	n-p---ma-	οὐριβάτας	οὐρῐβάτας
ὄφρα	c--------	ὄφρα	ὄφρᾰ
ὄψανον	n-s---nn-	ὄψανον	ὄψᾰνον
πάγος	n-s---mn-	πάγος	πᾰ́γος
πάγχυ	d--------	πάγχυ	πάγχῠ
πάθη	u--------	πάθη	πᾰθη
πάθημα	n-s---na-	πάθημα	πᾰ́θημα
πάθη	n-p---nn-	πάθος	πᾰθη
πάθη	n-p---na-	πάθος	πᾰθη
πάθος	u--------	πάθος	πᾰ́θος
πάθος	n-s---na-	πάθος	πᾰ́θος
πάθος	n-s---nn-	πάθος	πᾰ́θος
πάλαι	d--------	πάλαι	πᾰ́λαι
πάλαι	u--------	πάλαι	πᾰ́λαι
παλαιγενής	a-s---mn-	παλαιγενής	πᾰλαιγενής
παλαιότης	n-s---fn-	παλαιότης	πᾰλαιότης
παλαιός	a-s---mn-	παλαιός	πᾰλαιός
παλαιόφρων	a-s---mn-	παλαιόφρων	πᾰλαιόφρων
παλαίτερος	a-s---mn-	παλαίτατος	πᾰλαίτερος
παλαίφατος	a-s---mn-	παλαίφατος	πᾰλαίφᾰτος
παλαίφατος	a-s---fn-	παλαίφατος	πᾰλαίφᾰτος
παλαίχθων	v-sppamn-	παλαίχθω	πᾰλαίχθων
πάλιν	u--------	πάλιν	πάλῐν
πάλιν	d--------	πάλιν	πάλῐν
παλίνορτος	a-s---fn-	παλίνορτος	πᾰλῐνορτος
παλίντροπος	a-s---mn-	παλίντροπος	πᾰλίντροπος
παλίσσυτος	a-s---mn-	παλίσσυτος	πᾰλίσσῠτος
πάμπαν	d--------	πάμπαν	πάμπᾰν
παμφαής	n-s---fg-	παμφαή	παμφᾰής
πάμψυχος	a-s---mn-	πάμψυχος	πάμψῡχος
πανάγυρις	n-s---fn-	πανάγυρις	πανᾱ́γυρις
πανάθλιος	a-s---mn-	πανάθλιος	πᾰνάθλιος
παναίτιος	a-s---mn-	παναίτιος	πᾰναίτιος
παναρκέτας	a-p---ma-	παναρκέτες	πᾰναρκέτας
πανδάκρυτος	a-s---fn-	πανδάκρυτος	πᾰνδάκρῡτος
πανδαμάτωρ	a-s---mn-	πανδαμάτωρ	πᾰνδᾰμᾰ́τωρ
πανδαμεί	d--------	πανδαμεί	πᾰνδᾱμεί
πανήμερος	a-s---mn-	πανήμερος	πᾰνήμερος
παννύχιος	a-s---fn-	παννύχιος	παννῠχιος
πανίμερος	a-s---mn-	πανίμερος	πᾰνῑ́μερος
πάνοπλος	a-s---mn-	πάνοπλος	πᾰνοπλος
πανοίμοι	a-p---mn-	πανοίμος	πᾰνοίμοι
πάνοπλος	a-s---fn-	πάνοπλος	πᾰνοπλος
πάνοιζυς	d--------	πάνοιζυς	πᾰνοιζυς
πανοῦργος	a-s---mn-	πανοῦργος	πᾰνοῦργος
πανοῦργος	a-s---fn-	πανοῦργος	πᾰνοῦργος
πανταχοῦ	d--------	πανταχοῦ	παντᾰχοῦ
πάνυ	d--------	πάνυ	πᾰ́νῠ
πανώλης	a-s---mn-	πανώλης	πᾰνώλης
πανώλης	a-s---fn-	πανώλης	πᾰνώλης
πανώλεθρος	a-s---fn-	πανώλεθρος	πᾰνώλεθρος
πανώλεθρος	a-s---mn-	πανώλεθρος	πᾰνώλεθρος
παπαῖ	i--------	παπαῖ	πᾰπαῖ
παπαῖ	a-p---mv-	παπαῖ	πᾰπαῖ
παρά	r--------	παρά	πᾰρά
παραγκάλισμα	n-s---nn-	παραγκάλισμα	παραγκᾰ́λισμα
παραμύθιον	u--------	παραμύθιον	παραμῡ́θιον
παράνοια	n-s---fd-	παράνοια	παράνοιᾰ
παραστάτης	v-sapamn-	παραστάτης	πᾰραστᾰ́της
παραστάτις	n-s---fn-	παραστάτις	παραστᾰ́τῐς
πάραυτα	d--------	πάραυτα	πάραυτᾰ
παραυτίκα	d--------	παραυτίκα	παραυτίκᾰ
παραψυχή	n-s---fn-	παραψυχή	παραψῠχή
παρών	v-sppamn-	πάρειμι	πᾰρών
παρών	v-sppamn-	παρών	πᾰρών
παρών	u--------	παρών	πᾰρών
ἔπαθον	v1saia---	πάσχω	ἔπᾰθον
πάταγος	n-s---mn-	πάταγος	πάτᾰγος
πατήρ	n-s---mn-	πατήρ	πᾰτήρ
πατήρ	u--------	πατήρ	πᾰτήρ
πεδιάς	n-s---fn-	πεδιάς	πεδῐάς
πελάγιος	a-s---mn-	πελάγιος	πελᾰγιος
πέλαγος	n-s---nn-	πέλαγος	πέλᾰγος
πέλαγος	u--------	πέλαγος	πέλᾰγος
πέλαγος	n-s---na-	πέλαγος	πέλᾰγος
πέλας	u--------	πέλας	πέλᾰς
πέλας	r--------	πέλας	πέλᾰς
πέλας	d--------	πέλας	πέλᾰς
πένθιμος	n-s---mn-	πένθιμος	πένθῐμος
πεντάκις	d--------	πεντάκις	πεντάκῐς
πέρα	v3spia---	πέρα	πέρᾱ
πέρα	u--------	πέρα	πέρᾱ
πέρα	d--------	πέρα	πέρᾱ
πέρα	v--pna---	πέρα	πέρᾱ
πέρα	r--------	πέρα	πέρᾱ
πέρα	v2spma---	πέρα	πέρᾱ
πέραθεν	d--------	πέραθενν	πέρᾱθεν
πέραν	d--------	πέραν	πέρᾱν
πέραν	r--------	πέραν	πέρᾱν
πέρας	n-s---na-	πέρας	πέρᾰς
περιπτυχής	a-s---mn-	περιπτυχής	περιπτῠχής
περιστιχίζω	v1spia---	περιστιχίζω	περιστῐχίζω
περιώδυνος	a-s---mn-	περιώδυνος	περιώδῠνος
Πιερία	n-s---fn-	Πιερίος	Πῑερία
πιθών	v-sapamn-	πιμθάνω	πῐθών
πίνος	n-s---mn-	πίνος	πῐ́νος
πίστις	n-s---fn-	πίστις	πῐ́στῐς
πίσυνος	a-s---fn-	πίσυνος	πῑ́σῠνος
πίσυνος	a-s---mn-	πίσυνος	πῑ́σῠνος
πίτυλος	n-s---mn-	πίτυλος	πῐτῠλος
πίτυλος	a-s---mn-	πίτυλος	πῐτῠλος
πλάνημα	n-s---nn-	πλάνημα	πλᾰνημα
πλάνης	n-s---fg-	πλάνη	πλᾰ́νης
πλάνης	n-s---fg-	πλάνης	πλᾰ́νης
πλάτας	n-p---fa-	πλάτη	πλᾰ́τας
πλόκαμος	n-s---mn-	πλόκαμος	πλόκᾰμος
πόθι	d--------	πόθι	πόθῐ
ποικιλείμων	a-s---fn-	ποικιλείμων	ποικῐλείμων
ποικιλόνωτος	a-s---mn-	ποικιλόνωτος	ποικῐλόνωτος
ποικίλος	a-s---mn-	ποικίλος	ποικῐ́λος
ποικιλόφρων	a-s---mn-	ποικιλόφρων	ποικῐλόφρων
ποιμάνωρ	n-s---mn-	ποιμάνωρ	ποιμᾱ́νωρ
ποινά	u--------	ποινά	ποινᾱ́
ποινά	n-s---fn-	ποινά	ποινᾱ́
ποινάτωρ	n-s---mn-	ποινάτωρ	ποινᾱ́τωρ
ποίνιμος	a-s---fn-	ποίνιμος	ποίνῐμος
πολίτης	n-s---mn-	πολίτης	πολῑ́της
πολλάκι	d--------	πολλάκις	πολλᾰ́κι
πολλάκις	u--------	πολλάκις	πολλᾰ́κις
πολλαχοῦ	d--------	πολλαχοῦ	πολλᾰχοῦ
πολλάκις	d--------	πολλάκις	πολλᾰ́κις
πολυαίμων	a-p---mg-	πολυαίμων	πολῠαίμων
πολυάχητος	a-s---mn-	πολυάχητος	πολῠάχητος
πολύδακρυς	a-s---mn-	πολύδακρυς	πολῠ́́δακρῠς
πολυδάκρυτος	a-s---fn-	πολυδάκρυτος	πολῠδάκρῡτος
Πολυδεύκης	n-s---mn-	Πολυδεύκης	Πολῠδεύκης
πολύθυτος	a-s---fn-	πολύθυτος	πολύθῠτος
πολύκλαυτος	a-s---fn-	πολύκλαυτος	πολῠ́κλαυτος
πολύκρανος	a-s---mn-	πολύκρανος	πολῠ́κρᾱνος
πολύπονος	a-s---fn-	πολύπονος	πολῠ́́πονος
πολύπονος	a-s---mn-	πολύπονος	πολῠ́́πονος
πολυστάφυλος	a-s---fn-	πολυστάφυλος	πολυστάφῠλος
πολύχειρ	n-s---fn-	πολύχειρ	πολῠ́χειρ
πολύχειρ	n-s---mn-	πολύχειρ	πολῠ́χειρ
πολύχρυσος	a-s---fn-	πολύχρυσος	πολύχρῡσος
πόμπιμος	a-s---mn-	πόμπιμος	πόμπῐμος
πόριμος	a-s---mn-	πόριμος	πόρῐμος
πόρτις	n-s---fn-	πόρτις	πόρτῐς
πόρτις	n-s---mn-	πόρτις	πόρτῐς
πορφυρόστρωτος	a-s---mn-	πορφυρόστρωτος	πορφῠρόστρωτος
ποταμός	n-s---mn-	ποταμός	ποτᾰμός
πότνα	n-s---fn-	πότνα	πότνᾰ
πρέσβυς	n-s---mn-	πρέσβυς	πρέσβῠς
Πρίαμος	n-s---mn-	πρίαμος	Πρῐ́ᾰμος
προβατογνώμων	n-s---mn-	προβατογνώμων	προβᾰτογνώμων
πρόθυμα	a-p---na-	πρόθυμος	πρόθῡμα
προθυμία	n-s---fn-	προθυμία	προθῡμία
προθυμία	u--------	προθυμία	προθῡμία
πρόθυμος	a-s---fn-	πρόθυμος	πρόθῡμος
πρόθυμος	a-s---mn-	πρόθυμος	πρόθῡμος
προλάζυμαι	v1spie---	προλάζυμαι	προλάζῠμαι
προμάτωρ	n-s---mn-	προμάτωρ	προμᾱ́τωρ
προμάτωρ	n-s---fn-	προμάτωρ	προμᾱ́τωρ
πρόμαχος	a-s---mn-	πρόμαχος	πρόμᾰχος
πρόπαρ	r--------	πρόπαρ	πρόπᾰρ
πρόπας	a-s---mn-	πρόπας	πρόπᾱς
προστάτης	a-s---mn-	προστάτης	προστᾰ́της
προστάτης	n-s---mn-	προστάτης	προστᾰ́της
προσφίλεια	a-p---nn-	προσφίλειος	προσφῐ́λεια
προσφιλής	a-s---mn-	προσφιλής	προσφῐλής
πρόφασις	n-s---fn-	πρόφασις	πρόφᾰσις
πρύτανις	n-s---mn-	πρύτανις	πρῠ́τᾰνῐς
Πύθιος	n-s---mn-	πύθιος	Πύθῐος
Πυθώδε	d--------	Πυθώδε	Πῡθώδε
πυριφλέγων	a-p---mg-	πυριφλέγος	πῠριφλέγων
πυρός	u--------	πυρός	πῡρός
ῥᾴθυμος	a-s---fn-	ῥᾴθυμος	ῥᾴθῡμος
ῥάκος	n-s---na-	ῥάκος	ῥᾰ́κος
ῥαφεύς	v2spia---	ῥαφύς	ῥᾰφεύς
ῥίμφα	d--------	ῥίμφα	ῥίμφᾰ
ῥυσιάζω	v1spia---	ῥυσιάζω	ῥῡσῐάζω
ῥυσίπολις	n-s---mn-	ῥυσίπολις	ῥῡσίπολις
σάκος	n-s---nn-	σάκος	σᾰ́κος
σάκος	n-s---nv-	σάκος	σᾰ́κος
σάκος	n-s---na-	σάκος	σᾰ́κος
Σαλαμίς	n-s---fv-	σαλαμίς	Σᾰλᾰμίς
σάφα	d--------	σάφα	σάφᾰ
σαφής	a-s---mn-	σαφής	σᾰφής
σαφής	u--------	σαφής	σᾰφής
σειραφόρος	a-s---mn-	σειραφόρος	σειρᾱφόρος
σεμνότιμος	a-s---mn-	σεμνότιμος	σεμνότῑμος
σιγή	n-s---fn-	σιγή	σῑγή
σιγητέον	a-s---nn-	σιγητέος	σῑγητέον
σιγηλός	a-s---mn-	σιγηλός	σῑγηλός
σίδαρος	n-s---mn-	σίδαρος	σίδᾱρος
σιδηρόφρων	a-s---mn-	σιδηρόφρων	σῐδηρόφρων
σίδηρος	n-s---mn-	σίδηρος	σῐ́δηρος
σιωπή	n-s---fd-	σιωπή	σῐωπή
σιωπῶ	v1spia---	σιωπέω	σῐωπῶ
σιωπῶ	v1spia---	σιωπῶ	σῐωπῶ
σκαφεύς	n-s---mn-	σκαφεύς	σκᾰφεύς
σκάφη	n-p---nn-	σκάφη	σκᾰφη
σκάφη	n-p---na-	σκάφη	σκᾰφη
σκάφος	n-s---nn-	σκάφος	σκᾰ́φος
σκάφος	n-s---mn-	σκάφος	σκᾰ́φος
σκάφος	u--------	σκάφος	σκᾰ́φος
σκάφος	n-s---na-	σκάφος	σκᾰ́φος
σκιά	u--------	σκιά	σκῐά
σκιώδης	a-s---fn-	σκιώδης	σκῐώδης
σμικρός	a-s---mn-	σμικρός	σμῑκρός
σπάνιος	a-s---mn-	σπάνιος	σπᾰνιος
σπάνις	n-s---fn-	σπάνις	σπᾰ́νις
σταγών	v-sppamn-	σταγώ	στᾰγών
σταγών	n-p---mg-	σταγών	στᾰγών
σταδαῖος	a-s---mn-	σταδαῖος	στᾰδαῖος
σταλάσσω	v1sfia---	σταλάσω	στᾰλάσσω
στασίαρχος	n-s---mn-	στασίαρχος	στᾰσίαρχος
στάσις	n-s---fn-	στάσις	στᾰ́σις
στεγανός	a-s---mn-	στεγανός	στεγᾰνός
στέφανος	n-s---mn-	στέφανος	στέφᾰνος
στεφάνωμα	n-s---na-	στεφάνωμα	στεφᾰ́νωμα
στράτευμα	n-s---nn-	στράτευμα	στρᾰ́τευμα
στράτευμα	n-s---na-	στράτευμα	στρᾰ́τευμα
στρατεία	n-s---fd-	στρατείον	στρᾰτεία
στρατήγιον	n-s---na-	στρατήγιον	στρᾰτήγιον
στρατηγός	n-s---mn-	στρατηγός	στρᾰτηγός
στρατηλάτης	n-s---mn-	στρατηλάτης	στρᾰτηλάτης
στρατιά	n-s---fn-	στρατιά	στρᾰτιά
στρατόμαντις	n-s---mn-	στρατόμαντις	στρᾰτόμαντις
στρατόπεδον	n-s---na-	στρατόπεδον	στρᾰτόπεδον
στρατόπεδον	n-s---nn-	στρατόπεδον	στρᾰτόπεδον
στρατός	u--------	στρατός	στρᾰτός
στρατός	n-s---mn-	στρατός	στρᾰτός
Στρυμών	n-s---mn-	Στρυμών	Στρῡμών
Στρυμών	v-sppamn-	Στρυμών	Στρῡμών
σύγγαμος	a-s---mn-	σύγγαμος	σύγγᾰμος
σύγγαμος	n-s---mn-	σύγγαμος	σύγγᾰμος
συγκαλυπτέος	a-s---mg-	συγκαλυπτής	συγκᾰλυπτέος
συγκασιγνήτη	n-s---md-	συγκασιγνήτη	συγκᾰσιγνήτη
σύμμαχος	u--------	σύμμαχος	σύμμᾰχος
σύμμαχος	a-s---fn-	σύμμαχος	σύμμᾰχος
σύμμαχος	a-s---mn-	σύμμαχος	σύμμᾰχος
σύμπας	a-s---mn-	σύμπας	σύμπᾱς
συμφορά	n-s---fn-	συμφορα	σῠμφορᾱ́
συμφορά	n-s---fn-	συμφορά	σῠμφορᾱ́
συμφορά	a-s---fn-	συμφορός	σῠμφορᾱ́
σύμφυτον	a-s---ma-	σύμφυτος	σύμφῠτον
σύμφυτον	a-s---na-	σύμφυτος	σύμφῠτον
σύμφυτος	a-s---mn-	σύμφυτος	σύμφῠτος
ξυνών	v-sppamn-	σύνειμι	ξῡνών
σύνεσις	n-s---fn-	σύνεσις	σῠ́νεσῐς
σύνθακος	a-s---mn-	σύνθακος	σύνθᾱκος
σφαγεῖον	n-s---na-	σφαγεῖον	σφᾰγεῖον
σφαγεῖον	n-s---na-	σφαγέον	σφᾰγεῖον
σφάγιον	a-s---na-	σφάγιος	σφᾰγιον
σφάγιον	a-s---ma-	σφάγιος	σφᾰγιον
σφάγιον	n-s---na-	σφάγιος	σφᾰγιον
σφαγίς	n-p---fn-	σφαγίς	σφᾰγίς
σφάκελος	n-s---fn-	σφάκελος	σφᾰ́κελος
σφάκελος	a-s---mn-	σφάκελος	σφᾰ́κελος
σφόδρα	d--------	σφόδρα	σφόδρᾰ
σχέτλιος	a-s---mn-	σχέτλιος	σχέτλῐος
σωφροσύνα	n-s---fn-	σωφροσύνα	σωφροσῠ́νᾱ
ταγοῦχος	n-s---mn-	ταγοῦχος	τᾰγοῦχος
ταγός	n-s---mn-	ταγός	τᾱγός
ταλαίφρων	a-s---fv-	ταλαίφρων	τᾰλαίφρων
ταλαίφρων	n-s---fn-	ταλαίφρων	τᾰλαίφρων
ταλαίφρων	n-s----n-	ταλαίφρων	τᾰλαίφρων
ταλακάρδιος	a-s---mn-	ταλακάρδιος	τᾰλᾰκάρδιος
ταλαντοῦχος	a-s---fn-	ταλαντοῦχος	τᾰλαντοῦχος
ταμίας	a-s---mn-	ταμίας	τᾰμῐ́ᾱς
Τάνταλος	n-s---mn-	Τάνταλος	Τάντᾰλος
ταπεινός	a-s---mn-	ταπεινός	τᾰπεινός
τάραγμα	n-s---na-	τάραγμα	τᾰ́ραγμα
ταυρόκρανος	a-s---mn-	ταυρόκρανος	ταυρόκρᾱνος
τάφος	u--------	τάφος	τᾰ́φος
τάφος	n-s---mn-	τάφος	τᾰ́φος
τάχα	u--------	τάχα	τάχᾰ
τάχα	d--------	τάχα	τάχᾰ
τάχος	n-s---na-	τάχος	τᾰ́χος
τάχος	n-s---nn-	τάχος	τᾰ́χος
ταχύπορος	a-s---mn-	ταχύπορος	τᾰχῠ́πορος
ταχύπορος	a-s---fn-	ταχύπορος	τᾰχῠ́πορος
ταχύπους	a-s---mn-	ταχύπους	τᾰχῠπους
ταχύρρωστος	a-s---fn-	ταχύρρωστος	τᾰχῠ́ρρωστος
ταχύς	a-s---mn-	ταχύς	τᾰχῠ́ς
τέσσαρες	n-p---mn-	τέσσαρες	τέσσᾰρες
τετράποδος	n-s---mg-	τετράπος	τετρᾰποδος
τηνικαῦτα	d--------	τηνικαῦτα	τηνῐκαῦτα
τιθήνη	n-s---fn-	τιθήνη	τῐθήνη
τίθημι	v1spia---	τίθημι	τῐ́θημι
τιμάορος	a-s---mn-	τιμάορος	τῑμάορος
τιμή	u--------	τιμή	τῑμή
τίμιος	a-s---mn-	τίμιος	τῑ́μιος
τίμιος	a-s---fn-	τίμιος	τῑ́μιος
τιμωρία	u--------	τιμωρία	τῑμωρία
τις	u--------	τις	τῐς
τις	a-s---fn-	τις	τῐς
τις	p-s---mn-	τις	τῐς
τις	p-s---fn-	τις	τῐς
τίς	p-s---mn-	τις	τῐ́ς
τίς	u--------	τίς	τῐ́ς
τίς	p-s---mn-	τίς	τῐ́ς
τίς	p-s---fn-	τίς	τῐ́ς
τίς	a-s---fn-	τίς	τῐ́ς
τις	p-s---mn-	τὶς	τῐς
τις	a-s---mn-	τὶς	τῐς
τλησικάρδιος	a-s---mn-	τλησικάρδιος	τλησῐκάρδιος
τόθι	d--------	τόθι	τόθῐ
τόλμα	n-s---fd-	τόλμα	τόλμᾰ
τόλμα	v3spsa---	τόλμα	τόλμᾰ
τόλμα	n-s---fn-	τόλμα	τόλμᾰ
τόλμα	u--------	τόλμα	τόλμᾰ
τόλμα	v2spma---	τόλμα	τόλμᾰ
τοξοδάμας	n-s---mn-	τοξοδάμας	τοξοδάμᾱς
τοὐξύθυμον	a-s---nn-	τοὐξύθυμος	τοὐξύθῡμον
τράπεζα	n-s---fn-	τράπεζα	τρᾰ́πεζᾰ
Τραχίς	a-s---mn-	Τραχίς	Τρᾱχῑ́ς
τραχύς	a-s---mn-	τραχύς	τρᾱχύς
τριβήν	n-s---fa-	τριβή	τρῐβήν
τρικόρυθος	a-s---mn-	τρικόρυθος	τρικόρῠθος
τρικυμία	n-s---fn-	τρικυμία	τρῐκῡμία
τρίμηνος	a-s---mn-	τρίμηνος	τρῐμηνος
τρίπους	n-s---mn-	τρίπους	τρῐ́πους
τρόφιμος	a-s---mn-	τρόφιμος	τρόφῐμος
τροχηλάτης	n-s---mn-	τροχηλάτης	τροχηλᾰ́της
τρυσάνωρ	n-s---mn-	τρυσάνωρ	τρῡσάνωρ
τρύφημα	n-s---na-	τρύφημα	τρῠφημα
τύπος	u--------	τύπος	τῠ́πος
τύπωμα	n-s---na-	τύπωμα	τῠπωμα
τύπος	n-s---mn-	τύπος	τῠ́πος
τυραννικός	a-s---mn-	τυραννικός	τῠραννικός
τυραννίς	n-s---fn-	τυραννίς	τῠραννίς
τύραννος	n-s---mn-	τύραννος	τῠ́ραννος
τύραννος	n-s---fn-	τύραννος	τῠ́ραννος
Τυφῶν	n-s---ma-	Τυφῶν	Τῡφῶν
ὕβρις	n-s---fn-	ὕβρις	ῠ̔́βρις
ὕδωρ	n-s---na-	ὕδωρ	ῠ̔́δωρ
ὕδωρ	n-s---nn-	ὕδωρ	ῠ̔́δωρ
ὕδωρ	u--------	ὕδωρ	ῠ̔́δωρ
ὕλιμος	a-s---fn-	ὕλιμος	ῡ̔́λιμος
ὑπαγκάλισμα	n-s---na-	ὑπαγκάλισμα	ὑπαγκᾰλισμα
ὑπαγκάλισμα	n-s---nv-	ὑπαγκάλισμα	ὑπαγκᾰλισμα
ὕπαρ	r--------	ὕπαρ	ὕπᾰρ
ὕπατος	a-s---mn-	ὕπατος	ῠ̔́πᾰτος
ὑπὲρ	r--------	ὑπέρ	ῠ̔πέρ
ὑπέρ	r--------	ὑπέρ	ῠ̔πέρ
ὑπερβάλλω	v1spia---	ὑπερβάλλω	ὑπερβᾰ́λλω
ὑπερβασία	n-s---fn-	ὑπερβασία	ὑπερβᾰσία
ὑπέρ	r--------	ὑπέρν	ῠ̔πέρ
ὑπεύθυνος	a-s---mn-	ὑπεύθυνος	ὑπεύθῡνος
ὕπνος	u--------	ὕπνος	ῠ̔́πνος
ὕπνος	n-s---mn-	ὕπνος	ῠ̔́πνος
ὑπό	r--------	ὑπό	ῠ̔πό
ὑπόδικος	a-s---mn-	ὑπόδικος	ὑπόδῐκος
ὕφασμα	n-s---na-	ὕφασμα	ῠ̔́φασμᾰ
ὕφασμα	n-s---nn-	ὕφασμα	ῠ̔́φασμᾰ
ὑψίπολις	a-s---mn-	ὑψίπολις	ὑψῐπολις
ὕψος	n-s---na-	ὕψος	ῠ̔́ψος
φανοίην	v1saoa---	φαίνω	φᾰνοίην
φάλαρον	n-s---na-	φάλαρος	φάλᾰρον
φαναῖος	a-s---mn-	φαναῖος	φᾰναῖος
φανερός	a-s---mn-	φανερός	φᾰνερός
φάντασμα	n-s---na-	φάντασμα	φάντᾰσμα
φαρέτρα	n-p---nn-	φαρέτρον	φᾰρέτρα
φάρμακον	n-s---na-	φάρμακον	φάρμᾰκον
φάρμακον	n-s---nn-	φάρμακον	φάρμᾰκον
φερέγγυος	a-s---fn-	φερέγγυος	φερέγγῠος
φερέγγυος	a-s---mn-	φερέγγυος	φερέγγῠος
φιλαίτιος	a-s---mn-	φιλαίτιος	φῐλαίτιος
φίλαυλος	a-s---mn-	φίλαυλος	φῐλαυλος
φίλημα	n-s---na-	φίλημα	φῐ́λημα
φιλητέον	a-s---nn-	φιλητέος	φῐλητέον
φιλήτης	a-s---mn-	φιλήτης	φῑλήτης
φιλία	n-s---fn-	φιλία	φῐλία
φιλία	a-s---fn-	φιλία	φῐλία
φιλία	a-p---nv-	φιλία	φῐλία
φιλόδυρτος	a-s---mn-	φιλόδυρτος	φῐλόδυρτος
φιλοικτίρμων	v-sppamn-	φιλοικτίρμω	φῐλοικτίρμων
φιλόξενος	a-s---mn-	φιλόξενος	φῐλόξενος
φιλοπάτωρ	n-s---mn-	φιλοπάτωρ	φῐλοπάτωρ
φίλορνις	n-s---fn-	φίλορνις	φῐλορνις
φιλότεκνος	a-s---mn-	φιλότεκνος	φῐλότεκνος
φιλοφόρμιγξ	a-s---mn-	φιλοφόρμιγξ	φῐλοφόρμιγξ
φιλότιμος	a-s---mn-	φιλότιμος	φῐλότῑμος
φιλόφρων	a-s---mn-	φιλόφρων	φῐλόφρων
φιλόχορος	a-s---mn-	φιλόχορος	φῐλόχορος
φιλόψογος	a-s---fn-	φιλόψογος	φῐλόψογος
φιλόψυχος	a-s---fn-	φιλόψυχος	φῐλόψῡχος
φίλτατος	a-s---mns	φίλτατος	φίλτᾰτος
φίλτατος	a-s---mn-	φίλτατος	φίλτᾰτος
φίλτρον	n-s---na-	φίλτρον	φῐ́λτρον
φίλτρον	n-s---nn-	φίλτρον	φῐ́λτρον
φίτυμα	n-s---nn-	φίτυμα	φίτῡμα
φρενοδαλής	n-s---fg-	φρενοδαλή	φρενοδᾱλής
φρενομανής	a-s---fn-	φρενομανής	φρενομᾰνής
πέφρικα	v1sria---	φρίσσω	πέφρῑκα
Φρύγιος	a-s---mn-	Φρύγιος	Φρῠ́γιος
φυγάς	n-p---fa-	φυγάς	φῠγάς
φυγάς	n-s---fn-	φυγάς	φῠγάς
φυγάς	u--------	φυγάς	φῠγάς
φύγδα	n-s---ma-	φύγδα	φύγδᾰ
φυγή	u--------	φυγή	φῠγή
φύλαξ	u--------	φύλαξ	φῠ́λᾰξ
φύλαξ	n-s---fn-	φύλαξ	φῠ́λᾰξ
φύλαξ	v2sfim---	φύλαξ	φῠ́λᾰξ
φύλαξ	n-s---mn-	φύλαξ	φῠ́λᾰξ
φυλάσσω	v1spia---	φυλάσσω	φῠλάσσω
φύξιμος	a-s---mn-	φύξιμος	φύξῐμος
φύσις	n-s---fn-	φύσις	φῠ́σῐς
φυτάλμιος	a-s---mn-	φυτάλμιος	φῠτάλμιος
φύσις	n-s---fv-	φύσις	φῠ́σῐς
φυτόν	u--------	φυτόν	φῠτόν
φυτόν	a-s---ma-	φυτός	φῠτόν
χαλινωτήρια	n-p---na-	χαλινωτήριον	χᾰλῑνωτήρια
χαμάδις	d--------	χαμάδις	χᾰμάδῐς
χαμᾶζε	d--------	χαμᾶζε	χᾰμᾶζε
χαρά	u--------	χαρά	χᾰρά
χαρά	n-s---fn-	χαρά	χᾰρά
χαρακτήρ	n-s---mn-	χαρακτήρ	χᾰρᾰκτήρ
χάρις	u--------	χάρις	χᾰ́ρῐς
χάρις	n-s---fn-	χάρις	χᾰ́ρῐς
χάριτος	n-s---fg-	χάρις	χάρῐτος
χάριτος	u--------	χάριτος	χάρῐτος
χιλιόναυς	a-p---ma-	χιλιόναυς	χῑλιόναυς
χιλίαρχος	n-s---mn-	χιλίαρχος	χῑλίαρχος
Χίος	n-s---fn-	Χίος	Χῐ́ος
χρυσοῦς	a-p---ma-	χρύσεος	χρῡσοῦς
χρυσήλατος	a-s---fn-	χρυσήλατος	χρῡσήλᾰτος
χρυσοπήληξ	n-s---mv-	χρυσοπήληξ	χρῡσοπήληξ
χρυσός	n-s---mn-	χρυσός	χρῡσός
χρυσοφαής	a-s---fn-	χρυσοφαής	χρῡσοφᾰής
ψάλιον	n-s---na-	ψάλιον	ψᾰλιον
ψευδώνυμος	a-s---fn-	ψευδώνυμος	ψευδώνῠμος
ψιλός	a-s---mn-	ψιλός	ψῑλός
ψυχή	n-s---fn-	ψυχή	ψῡχή
ψυχή	n-s---fv-	ψυχή	ψῡχή
ψυχή	n-s---fd-	ψυχή	ψῡχή
ψυχρός	a-s---mn-	ψυχρός	ψῡχρός
Ὠαρίων	n-p---mg-	Ὠαρίων	Ὠᾰρίων
ὠκύπους	a-s---mn-	ὠκύπους	ὠκῠ́πους
ὠκυτόκος	a-s---mn-	ὠκυτόκος	ὠκῠτόκος
ὠμοδακής	n-s---mn-	ὠμοδακής	ὠμοδᾰκής
