α	_1
α	^1
α-	_1
α-!],	_1
α-]	^1
α,	_1
α,	^1
α.	_1
α.	^1
α”	^1
αασαν	_1_2
αασε	^1_2
άαται	_2
αατη	^1^2
αβ	^1
αβ	_1
Ἄβαντες	^3
Ἄβας	_3
Ἄβδηρα	^1^6
Ἄβιλα	^5
αβρυνοῦμαι	^4
Ἄβυδος	_3
Ἄβυδου	_3
αβωρ	_1
αγ	^1
αγ	_1
αγαθέω	^1^3
αγαθία	^1^3
αγαθόν	^1^3
άγαθον	^3
αγαθός	^1^3
άγαθος	^3
αγαθότης	^1^3
αγαμαι	^1^3
αγαν	^1_3
αγαν	^1^3
αγαπάω	^1^3
Ἄγαρ	_1_3
Ἄγαρε	^3
Ἄγαρον	^3
Ἄγαρος	^3
Ἄγβαλε	^4
Ἄγβαλον	^4
Ἄγβαλος	^4
αγενεῖς	_1
αγενής	_1
αγερέτας	_1
αγέτας	_1
αγετέω	_1
αγέτης	_1
αγέτις	_1
αγέω	_1
αγή	^1
αγής	_1
αγής	^1
αγία	_1
αγία	^1
αγίδης	_1
Ἄγιδι	^1^3^5
Ἄγιδος	^1^3
αγίζω	^1
Ἆγιν	^3
αγινέω	^1_3
Ἅγιον	^3
Ἅγιον,	^3
Ἆγις	^3
αγιστία	^1
αγκος	^1
άγκυλον	^4
αγλα	_1^4
αγλαί̈ζω	^4
αγματίας	^4
αγματικὴ	^4
αγματικός	^4
αγματογραφία	^4^9
αγματογράφος	^4
αγμοσέμνακος	^9
αγν	^1
αγνοηθησοίμεθα	^14
αγνοηθησόμεθα	^13
άγνυμαι	^4
άγνυμι	_4
Ἅγνωνα	^6
Ἅγνωνι	^6
αγοραιολεκιθολαχανόπωλις	^1^11^15^17
αγόρευτος	^1
αγορεύω	^1
αγόρης	^1
αγορία	_1
αγορίς	^1
αγόρσιος	_1
αγος	^1
αγος	_1
αγός	_1
Ἄγρα	_4
Ἄγραν	_4
Ἄγρας	_4
αγριαίνω	^4
αγρόθεν	_1
αγρυπνος	_1^4
αγρυπνος	^1^4
Ἄγρωνα	^6
Ἄγρωνι	^6
αγυρτέω	^1
αγύρτης	^1
αγῶ	_1
αγωγεῖον	^1
αγωγεύς	^1
αγωγέω	^1
αγωγή	^1
αγώγητος	^1
αγωγία	^1
αγώγια	^1
αγώγιμος	^1
αγωγόν	^1
αγωγός	^1
αγωγὸς	^1
αγωνίζομαι	^1
αγώνιστος	^1
αδ	^1
Ἄδαμε	_1_3
Ἄδαμον	_1_3
Ἄδαμος	_1_3
αδάριον	^1
αδάριος	^1
αδε	^1
αδεία	^1
αδέλφεια	^1
αδελφεός	^1
αδελφία	^1
άδες	^1
αδῆ	^1
αδιαῖος	^1
αδικέω	^1^3
αδικητής	^1^3
αδικός	^1^3
αδικός	^1
άδικος	^3
αδις	^1
αδίς	^1
αδισμός	^1
αδιστί	^1
αδίως	^1
αδολεσχέω	_1
αδόν	^1
Ἄδουλι	^6
Ἄδουλιν	^6
Ἄδουλις	^6
αδοῦς	^1
Ἄδραστε	^1_4
Ἄδραστον	^1_4
Ἄδραστος	^1_4
αδυνατέω	^1^3^5
αδώδης	^1
Ἄδωνις	^5
αε	^1
αείδω	^1
αεῖον	_1
αείρω	^1
αείσομαι	^1
αέλιος	^1
αέξομαι	^1
αερ	^1
αετίς	_1
αζατα	_1_3
αζι	_1
αζω	_1
άζω	^1
αή&lt;&gt;ς	_1
αήρ	_1
αής	_1
αθ	_1
αθ	^1
αθα	_1^3
αθάνατος	^5
αθαρη	^1^3
αθε	_1
αθεῖν	^1
αθεν	_1
αθέω	^1
αθήνη	^1
αθήσομαι	_1
αθι	_1
Ἄθρυ	^1^4
Ἄθρυϊ	^1^4^5
Ἄθρυν	^1^4
Ἄθρυος	^4
Ἄθρυος	^1^4
Ἄθρυς	^4
Ἄθρυς	^1^4
αι	^1_2
αι	^2
αι	_1_2
αι	_1^2
αὶ	^1
αιαι	_2_4
αιαι	^2_4
αί̈γδην	_1
Αιγυπτον	^2
αιδ	_1^2
αιδης	_1^2
αιδος	_1^2
αιε	_1^2
αιε	^1_2
αιεῖ	^2
αιεις	_1^2
αιεν	^1^2
αϊκός	_1
αιματόω	^4
αίμεθα	^6
αῖμι	^4
αινα	^4
αιναν	^4
αιξ	^2
αιον	^1^2
αιοπραγέω	_6
αί̈ς	^1
αί̈ς	_1
αισθησις	^2
αισιμόομαι	^4
αί̈σσω	_1
αισχε'	^2
αισχυνῶ	^5
αί̈της	_1
αιτίατος	_5
αίχμας	_5
αιω	^1^2
αιων	_1^2
ακ	_1
ακ	^1
ακ-	_1
ακα	^1^3
ακα	_1
ακαδήμεια	^1^3
ακακ	^1^3
ακαματος	^1^3^5
ακανθίζω	^1
ακάς	^1
ακερός	^1
ακή	^1
ακὴ	^1
ακι	^1^3
Ἄκι	^3
Ἆκι	^3
άκι	^3
Ἄκιδι	_1^3^5
Ἄκιδι	^1^3^5
Ἄκιδος	_1^3
Ἄκιδος	^3
Ἄκιδος	^1^3
Ἆκιδος	^3
ακίζομαι	_1
Ἄκιν	^3
Ἆκιν	^3
ακινός	^1^3
Ἄκιρι	^3^5
Ἄκιριν	^3^5
Ἄκιρις	^3^5
ακὶς	^1
Ἄκις	^1^3
Ἄκις	^3
Ἆκις	^3
άκις	^1^3
ακοί̈α	_1
ακοιτιν	^1
ακολουθέω	^1
ακολούθητος	^1
ακόλουθος	^1
ακονάω	^1
ακόνη	^1
ακόνητος	^1
ακοντίζομαι	^1
ακοντίζω	^1
ακοντιστής	^1
ακοποιός	^1
ακος	_1
ακος	^1
ακός	_1
ακός	^1
ακουστέον	^1
ακουστής	^1
ακούω	^1
ακόω	^1
Ἄκρας	_4
ακριβής	_4
ακριβόω	_4
ακριδεύω	^4
Ἄκριλλαι	^4
ακρόατος	_5
Ἄκτορα	^6
Ἄκτορι	^6
ακώδης	^1
αλ	^1
αλ	_1
αλα	^1^3
αλα	^1
Ἄλα	_1_3
αλαζονεύομαι	^1
αλαζών	^1
Ἅλαισα	^6
Ἅλαισαν	^6
αλαλάζω	^1^3
Ἄλαν	_1_3
αλαος	^1^3
αλαπάζω	^1^3
Ἄλαπτα	^3^6
Ἄλας	_1_3
Ἄλβι	^1_4
Ἄλβι	^1^4
Ἄλβιδα	^6
Ἄλβιδι	^6
Ἄλβιδος	^4
Ἄλβιν	^1^4
Ἄλβιος	^1^4
Ἄλβιος	^4
Ἄλβις	^4
Ἄλβις	^1^4
αλέασθαι	^1
αλειπτέον	^1
αλειπτέω	^1
αλείπτης	^1
αλειπτική	^1
αλείφομαι	^1
αλείφω	^1
αλεκτρυών	^1^7
αλέξανδρος	^1
Ἄλεξις	^5
αλέος	^1
αλεόφρων	^1
αλεύς	^1
αλέω	^1
αλή	_1
αληθές	^1
αλήθης	^1
αληθῶς	^1
αλής	^1
αλι	^1
αλιεύς	^1
αλίζομαι	^1
Ἄλινδα	^3^6
αλίς	^1
Ἆλις	^3
αλίσκος	^1
αλίσκω	_1
αλίτωρ	^1
αλιφή	^1^3
αλιφής	^1^3
αλιώτης	^1
Ἄλκηστις	^7
Ἄλκωνα	^6
Ἄλκωνι	^6
αλλαγή	^4
Ἄλμωπας	^6
Ἄλμωψι	^6
Ἄλμωψιν	^6
αλοάω	^1
αλογέω	^1
αλοίας	^1
αλοιάω	^1
αλοιφέω	^1
αλοιφή	^1
αλοιφία	^1
αλοκίζω	^1
αλος	^1
αλός	^1
αλοῦμαι	^1
Ἄλπεσι	^1^6
Ἄλπεσιν	^1^6
Ἄλπι	^1_4
Ἄλπι	^1^4
Ἄλπιν	^1^4
Ἄλπιος	^4
Ἄλπιος	^1^4
Ἄλπις	^1^4
Ἄλπις	^4
Ἅλυ	^1_3
Ἅλυϊ	^1^3^4
Ἅλυν	^1_3
Ἅλυος	^1^3
Ἅλυος	^3
άλυπος	_3
Ἅλυς	^1_3
αλυσίδιον	^1^3
Ἄλυσις	^3
άλυσις	^3
αλύσκω	^1
αλυστής	^1
άλφιτος	^4
αλώσια	^1
αμ	^1
αμ	_1
αμα	_1
αμα	^1_3
αμα	^1^3
αμαι	_1
αμαι	^1
Ἄμανε	^1_3
Ἄμανον	^1_3
Ἄμανος	^1_3
αμαξεύω	^1
αμάξιον	^1
αμαριτεύω	_1^3_5
αμαρτάνω	^1
αμαρτήμων	^1
αμαρτητέον	^1
Ἄμασι	^1_3^5
Ἄμασιν	^1_3^5
Ἄμασις	^1_3^5
Ἄμαστρις	^7
αματικά	_1
αματικός	_1
αμάτιον	_1
αματίτης	_1^3
αμάω	^1
Ἄμβρυσε	^5
Ἄμβρυσον	^5
Ἄμβρυσος	^5
αμείβομαι	^1
αμείβω	^1
αμελγής	^1
αμέλγω	^1
αμελέω	^1
αμένη	^1
άμενον	^1
άμενος	^1
αμέρα	_1
αμέργω	^1
αμερία	_1
αμέριος	_1
αμερον	_1
Ἄμιλε	^3
αμιλλάομαι	^1
Ἄμιλον	^3
Ἄμιλος	^3
Ἄμμωνα	^1^6
Ἄμμωνι	^1^6
αμοιβός	^1
αμορβά	^1^6
αμορβαῖα	^1^8
αμορβαῖε	^1
αμορβαῖοι	^1
αμορβαίοιν	^1
αμορβαίοις	^1
αμορβαῖον	^1
αμορβαῖος	^1
αμορβαιότατος	^1^10
αμορβαιότερος	^1
αμορβαίου	^1
αμορβαίους	^1
αμορβαίω	^1
αμορβαίῳ	^1
αμορβαίων	^1
αμορβαίως	^1
αμορβέ	^1
αμορβοί	^1
αμορβοῖν	^1
αμορβοῖς	^1
αμορβόν	^1
αμορβός	^1
αμορβότατος	^1^8
αμορβότερος	^1
αμορβοῦ	^1
αμορβούς	^1
αμορβώ	^1
αμορβῷ	^1
αμορβῶν	^1
αμορβῶς	^1
αμος	^1
αμπέλινος	^6
αμπυκία	^4
αμπυκόω	^4
άμυνα	_3
αμύνω	^1
Ἄμυρε	^3
Ἄμυρον	^3
Ἄμυρος	^3
αμύσσω	^1
αμφανσις	^1
Ἄμφισσα	^7
Ἄμφισσαν	^7
Ἄμφρυσε	_5
Ἄμφρυσον	_5
Ἄμφρυσος	_5
αν	_1
αν	^1
άν	^1
ανα	^1^3
ανα	_1
ανα	^1_3
ανα	^1
αναγινώσκω	^1^3_5
ανάγκη	^1
Ἄναια	^5
αναισιμόω	^6
Ἄνακες	^3
αναλίσκομαι	^1_3
αναλίσκω	^1_3
αναλίσκω	_3
αναλώσω	_3
αναλωτής	^1_3
Ἄναπε	_3
Ἄναπον	_3
Ἄναπος	_3
Ἄνάπου	_3
ανάριος	^1
Ἄναρτοι	^3
ανάστασις	^6
αναστατικός	^6
ανδραποδίζομαι	^5
ανδραποδίζω	^5
ανδραφύσσω	^5
ανδρες	^1
Ἄνδριος	^1^5
ανεγμα	^1
ανεία	_1
ανέμας	^1
ανεψία	^1
ανέψιος	^1
ανέω	_1
ανέω	^1
ανϝω	^1
ανή	^1
ανή	_1
άνη	^1
ανθρακεύς	^5
ανία	^1
ανία	_1
ανίας	^1
ανιάω	^1
ανίζω	_1
ανίη	^1
ανίηθεν	^1
ανικός	_1
ανις	_1
ανίς	^1
άνισον	^3
ανίσταμαι	^1^3^6
ανίσταμαι	^6
Ἄννα	^1^4
Ἄνναν	^1^4
Ἄννας	_4
Ἄννας	^1_4
άννυμι	_4
Ἄννωνα	^6
Ἄννωνι	^6
ανο	_1
ανον	^1
ανόρεος	_1
ανορία	_1
ανος	_1
ανος	^1
ανός	_1
ανός	^1
Ἄνουβι	^6
Ἄνουβις	^6
ανόω	^1
Ἄντανδρε	^4
Ἄντανδρον	^4
Ἄντανδρος	^4
άντασα	_4
Ἄντιον	^4
Ἄντισσα	^4^7
Ἄντισσαν	^4^7
Ἄντιφε	^4
Ἄντιφον	^4
Ἄντιφος	^4
άντων	^1
ανυ	^1^3
Ἄνυσε	^3
Ἄνυσον	^3
Ἄνυσος	^3
Ἄνυτος	^3
ανύτω	^1
ανύω	^1
ανῶ	^1
ανώδης	^1
αξ	^1
Ἄξυλε	^3
Ἄξυλον	^3
Ἄξυλος	^3
αο	_1
αοιδικός	^1
αοίδιος	^1
αοντι	^1
αος	_1
αος	^1
αός	^1
απ	^1
απ	_1
απα	^1_3
απα.	^1^3
απαλος	^1^3
απαν	^1_3
απαν	^1^3
άπας	_3
απατάω	^1^3
απάτης	^1
απατησία	^1^3
απάτητος	^1
απατία	^1^3
απειλέω	^1
απέτιον	_1
απέφθισα	^6
απο̆	^1
άπολαμβάνω	^1^8
απόλλυμι	_6
αποπίμπλημι	^11
απορέω	^1
απος	^1
Ἄππιε	^4
Ἄππιον	^4
Ἄππιος	^4
αρ	_1
αρ	^1
αρ'	^1
αρ/αρ	^1_3
αρα	_1
Ἄραβα	^1^3^5
Ἄραβας	^1^3^5
Ἄραβε	^1^3
Ἄραβες	^1^3
Ἄραβι	^1^3^5
Ἄραβος	^3
Ἄραβος	^1^3
αραιρημένος	^1
άρακος	^3
αράκτης	^1
αρακτός	^1
αράομαι	^1
Ἄραπλε	^3
Ἄραπλον	^3
Ἄραπλος	^3
Ἄραρα	^5
Ἄραρι	^5
Ἄραρις	^5
άρας	_3
αράσσομαι	^1
αράσσω	^1
Ἄρατε	_3
Ἄρατον	_3
Ἄρατος	_3
άρατος	_3
Ἄραχθε	^3
Ἄραχθον	^3
Ἄραχθος	^3
αραχν	^1_3
αραχν	^1^3
Ἄραψ	^3
Ἄραψ	^1^3
Ἄραψι	^1^3^5
Ἄραψιν	^1^3^5
Ἄρβα	^1^4
Ἄρβαν	^1^4
Ἄρβηλα	^6
άρβυλος	^4
Ἄργεϊ	^1^5
άργιλος	_4
άργυρος	^4
Ἄρεα	^4
Ἄρεϊ	^4
Ἄρευα	^5
αρήγω	^1
αρης	_1
αρι	^1^3
αρίδιον	_1
αρίδιον	^1
αριθμέομαι	^1
αριθμέω	^1
αρίθμητος	^1
αρίθμιος	^1
αριθμός	^1
αρικά	_1
αρικόν	_1
άριον	^1^3
άριον	^3
αρίς	^1
αριστάω	_1
αρίτης	_1
Ἅρμα	^4
Ἅρμα	^1^4
Ἅρματι	^1^4^6
Ἅρματος	^1^4
Ἅρματος	^4
άρματος	^4
Ἄρνας	_4
αρος	^1
αρος	_1
αρός	^1
αροτρίαστος	^1
αρούριον	^1
αροφύλακες	^7
αρόω	^1
Ἅρπαγε	^1^4
Ἅρπαγον	^1^4
Ἅρπαγος	^1^4
Ἅρπυια	^6
Ἅρπυιαν	^6
άρταβος	^4
Ἄρτεμι	^6
Ἄρτεμιν	^6
Ἄρτεμις	^6
άρτυσις	_4
άρτυτος	_4
αρυ	^1^3
αρυθείς	^3
Ἄρχαβι	^4^6
Ἄρχαβιν	^4^6
Ἄρχαβις	^4^6
αρχαγέτας	_4
άρχης	^1
ας	_1
ας	^1
άς	^1
ας”	^1
ασα	^1^3
ασα	_1
ᾶσα	^3
ασαμινθεύω	^1^3
ασείω	^1
ασεύς	^1
άσθαι	^1
άσθε	^1
άσθον	^1
άσθω	^1
άσθων	^1
ασία	^1
ασιάζω	^1
ασίαστος	^1
Ἄσιβα	^3^5
Ἄσιβαν	^3^5
ασίδης	^1
Ἄσιε	^3
άσιμος	^3
Ἄσιον	^3
Ἄσιος	^3
ασις	_1
ασις	^1
ασίων	^1
ασίωτος	^1
άσκιος	^4
Ἄσκρα	_5
Ἄσκραν	_5
Ἄσκρας	_5
ασματίζω	^4
ασμοπιτυοκάμπτης	^6^8
ασος	^1
άσπιδος	^4
άσσαρον	^4
Ἄστακε	^4
Ἄστακον	^4
Ἄστακος	^4
άστατον	^4
αστιεύς	^4
αστραβής	^5
αστραγάλιον	^5
Ἄστυ	^1^4
Ἄστυ	^4
Ἄστυρα	^4^6
Ἄσυχι	^3^5
Ἄσυχιν	^3^5
Ἄσυχις	^3^5
ασφαλίζομαι	^4
ασῶ	_1
ατ	_1
ατ	^1
ατα	^1^3
ατάριος	^1
ατας	^1
ατάς	_1
άτε	^1
ατέομαι	^1
ατέον	_1
ατέος	_1
ατέος	^1
ατεύω	_1
ατέω	_1
ατέω	^1
ατη	_1
ατη	^1
ατήρ	_1
ατηρία	_1
ατήριον	_1
ατήριος	_1
ατής	_1
άτης	_1
ατί	_1
ατία	^1
ατιαῖος	^1
ατίας	^1
ατίζω	^1
ατίζω	_1
ατικός	_1
ατικός	^1
ατίνης	^1
ατίς	^1
ατισμός	^1
ατιστής	^1
ατίτης	^1
ατῖτις	^1
ατλ	^1
Ἄτλαν	^1^4
Ἄτλαντα	^1^4^7
Ἄτλαντας	^1^4^7
Ἄτλαντε	^1^4
Ἄτλαντες	^1^4
Ἄτλαντι	^1^4^7
Ἄτλαντος	^1^4
Ἄτλας	^1_4
Ἄτλας	_4
Ἄτλασι	^1_4^6
Ἄτλασιν	^1_4^6
ατμ	^1
ατογράφος	^1
άτον	^1
ατονέω	^1
ατοπλόκος	^1
ατοποιέω	^1
ατοποιός	^1
ατοπώλης	^1
ατόριον	_1
ατορράφος	^1
ατος	_1
ατος	^1
ατός	_1
Ἄτοσσα	^6
Ἄτοσσαν	^6
ατοτροφέω	^1
ατουργικός	^1
ατουργός	^1
ατοῦχος	^1
ατοφόρος	^1
ατοφυλακία	^1^5^7
ατόω	^1
ατρα	^1^4
ατρίς	_1
ατρίς	^1
ατρον	_1
αττικός	^4
Ἄττυ	^1^4
Ἄττυϊ	^1^4^5
Ἄττυν	^1^4
Ἄττυος	^1^4
Ἄττυς	^1^4
Ἄττυς	^4
Ἄτυ	^1^3
Ἄτυϊ	^1^3^4
Ἄτυν	^1^3
Ἄτυος	^1^3
Ἄτυς	^1^3
Ἄτυς	^3
άτυφος	_3
άτω	^1
ατώδης	^1
άτων	^1
αυ	^1
αυ	_1
αυανῶ	^3
αυγής	_1
αυθαδίζω	_4
αυῖα	^1
αυῖαι	^1
αφ	^1
αφα	^1^3
αφανίζω	^3
αφάσσω	^1
αφή	^1
αφιαῖος	_1
Ἄφιδνα	^1^6
αφν	_1
αφν	^1
αφνεώτερος	_1
αφόρος	_1
αφόρος	^1
άφορος	_1
αφρόδιτος	_6
αφύα	^1
αφύομαι	^1
Ἄφυτι	^3^5
Ἄφυτιν	^3^5
Ἄφυτις	^3^5
αχ	^1
αχα	^1_3
Ἄχαιϝα	_5
αχαιός	^1
αχάτης	^1
αχέω	_1
αχέω	^1
αχῆ	^1
αχῇ	^1
άχη	^1
αχίζω	^1
αχιλλεύς	^1
αχλυόομαι	^4
αχόθεν	^1
αχόθι	^1
αχοῖ	^1
Ἄχολλα	^6
Ἄχολλαν	^6
αχος	^1
αχός	^1
αχόσε	^1
αχοῦ	^1
άχυρον	^3
αχῶς	^1
άω	^1
αῶτες	^1
εα	_2
εα	^2
εά	_2
έα	_2
εακός	^2
έβαλον	^3
εβδόμαδος	^6
έβρασα	^4
έβραχα	^4^6
εβράχαμεν	^4^6
έβραχας	^4^6
εβράχασι	^4_6^8
εβράχατε	^4^6
εβράχατον	^4^6
έβραχε	^4
εβραχέναι	^4
εβράχετε	^4
εβράχετον	^4
εβραχέτω	^4
εβραχέτων	^4
εβράχῃ	^4
εβράχῃς	^4
εβράχητε	^4
εβράχητον	^4
εβράχοι	^4
εβράχοιεν	^4
εβραχοίη	^4
εβραχοίην	^4
εβραχοίης	^4
εβράχοιμεν	^4
εβράχοιμι	^4^9
εβράχοις	^4
εβράχοιτε	^4
εβραχοίτην	^4
εβράχοιτον	^4
εβραχόντων	^4
εβραχός	^4
εβραχυῖα	^4^8
εβράχω	^4
εβράχωμεν	^4
εβραχώς	^4
εβράχωσι	^4^8
Ἔβυσε	^3
Ἔβυσον	^3
Ἔβυσος	^3
έγγραφος	^5
εγγυάω	^4
έγγυος	^4
Ἔγεστα	^6
Ἔγεσταν	^6
εγήρασα	_5
εγκεφαλάω	^6
έγκλιτος	^5
έγχυτος	^4
έδανον	^3
Ἔδεσσα	^6
Ἔδεσσαν	^6
έδρακον	^4
έδραμον	^4
έδυν	_3
εδυσάμην	_3
έδυυσα	_3
έθειρα	^6
ε̄ι	_2
εια	^2
εια	^3
εία	_3
εια\	^3
εῖα\	^3
ειακός	^3
εῖαν	^3
εῖας	^3
ειη	^2
είησαν	^5
εικοσαπλασίων	^9
είλκυσα	^5
είμεθα	^6
εινα	^4
ειπερ	^2
ειπῃς	^2
είρπυσα	^5
ειρω	^2
εις	^2
είς	^2
εῖσα	^4
εισαγωγή	^4
είσδυτος	^5
ειτε	^2
εκαγαθία	_3^5
εκάθαρα	_5
έκδικος	^4
Ἔκδιππα	^7
έκδυτος	^4
εκλάδανα	_6
έκλασα	^4
εκμαγεῖον	^4
έκρανα	_4
έκτανον	^4
έκτασις	^4
έκτατο	^4
έκτατος	^4
έκτονα	^6
εκτόναμεν	^6
έκτονας	^6
εκτόνασι	_6^8
εκτόνατε	^6
εκτόνατον	^6
εκτονήκεσαν	^10
εκτόνοιμι	^9
εκτονυῖα	^8
εκτόνωσι	^8
Ἕκτορα	^6
Ἕκτορι	^6
εκύλισα	_5
εκφανής	^4
ὲκώκυε	^5
Ἔλα	_3
ελαθόμην	^3
έλασα	_3
έλασις	^3
ελατέω	^3
ελατήρ	^3
έλατος	^3
έλαφος	^3
ελήλακα	^5
Ἔλισσα	^3^6
Ἔλισσα	^6
Ἔλισσαν	^3^6
Ἕλλασι	_4
Ἕλληνα	^6
Ἕλληνας	^6
Ἕλληνι	^6
Ἕλλησι	^6
Ἕλλησιν	^6
ελματικός	^4
Ἔλυρε	^3
Ἔλυρον	^3
Ἔλυρος	^3
εμάρανα	_5
εμαχεσάμην	^3
εμέθυσα	^5
εμεμερίκει	^7
εμεμερίκειν	^7
εμεμερίκεις	^7
εμεμερίκεμεν	^7
εμεμερίκεσαν	^7^11
εμεμερίκετε	^7
εμεμερικέτην	^7
εμεμερίκετον	^7
εμεμερίκη	^7
εμεμερίκης	^7
εμεμερίσατο	^7^9
εμεμέρισθε	^7
εμεμερίσθην	^7
εμεμέρισθον	^7
εμεμερίσμεθα	^7^12
εμεμερίσμην	^7
εμεμέρισο	^7
εμεμέριστο	^7
εμέρισα	^5^7
εμερισάμεθα	^5^7^11
εμερίσαμεν	^5^7
εμερισάμην	^5^7
εμέρισαν	^5^7
εμερίσαντο	^5^7
εμέρισας	^5^7
εμερίσασθε	^5^7
εμερισάσθην	^5^7
εμερίσασθον	^5^7
εμερίσατε	^5^7
εμερισάτην	^5^7
εμερίσατο	^5^7
εμερίσατον	^5^7
εμέρισε	^5
εμερίσω	^5
Ἔμεσα	^5
Ἔμεσαν	^5
Ἔμισα	^3^5
εμίστυλα	_6
Ἔμπουσα	^7
Ἔμπουσαν	^7
έμφατος	^4
έναχα	^3^5
ενάχαμεν	^3^5
έναχας	^3^5
ενάχασι	^3_5^7
ενάχατε	^3^5
ενάχατον	^3^5
έναχε	^3
εναχέναι	^3
ενάχετε	^3
ενάχετον	^3
εναχέτω	^3
εναχέτων	^3
ενάχῃ	^3
ενάχῃς	^3
ενάχητε	^3
ενάχητον	^3
ενάχοι	^3
ενάχοιεν	^3
εναχοίη	^3
εναχοίην	^3
εναχοίης	^3
ενάχοιμεν	^3
ενάχοιμι	^3^8
ενάχοις	^3
ενάχοιτε	^3
εναχοίτην	^3
ενάχοιτον	^3
εναχόντων	^3
εναχός	^3
εναχυῖα	^3^7
ενάχω	^3
ενάχωμεν	^3
εναχώς	^3
ενάχωσι	^3^7
Ἔνδιε	^4
Ἔνδιον	^4
Ἔνδιος	^4
ένδυτος	^4
ενεπάγην	^5
ενεχυρασία	^5^7
ενηστευόμεθα	^12
ενιαυτίζω	^3
ενιαυτός	^3
Ἔννα	^4
Ἔνναν	^4
Ἔννιε	^4
Ἔννιον	^4
Ἔννιος	^4
έννυμι	_4
ενσιτεύω	_4
Ἔντελλα	^7
Ἔντελλαν	^7
εξαγωγή	^3
έξανα	_3
έπασα	^3
Ἔπαφος	^3
επέντατος	^6
επημαινόμεθα	^12
επίαινε	_3
επίαινες	_3
επιαίνεσθε	_3
επιαινέσθην	_3
επιαίνεσθον	_3
επιαίνετε	_3
επιαινέτην	_3
επιαίνετο	_3
επιαίνετον	_3
επιαινόμεθα	_3^11
επιαίνομεν	_3
επιαινόμην	_3
επίαινον	_3
επιαίνοντο	_3
επιαίνου	_3
επιβληθείησαν	^12
επιβληθεῖσα	^11
επιβλήθητι	^10
επιβληθῶσι	^10
επιθυμία	_5
επίθυμος	_5
επικοσσυφοφαττοπεριστεραλεκτρυονοπ	^3^8^24^30
έπισα	_3
επισίου	_3
επίσταμαι	^6
επιστασία	^6
επιστατέω	^6
εποιμαινόμεθα	^13
εποίμεθα	^8
έποιμι	^6
επόμεθα	^7
έπουσα	^6
έπουσι	^6
έπραθον	^4
έπτηχα	^6
επτήχαμεν	^6
έπτηχας	^6
επτήχασι	_6^8
επτήχατε	^6
επτήχατον	^6
επτήχοιμι	^9
επτηχυῖα	^8
επτήχωσι	^8
επώμεθα	^7
επώνυμος	^5
έπωσι	^5
εργασία	^4
εριδ	^3
ερινεός	_3
Ἔρις	^3
εριφαρνογενής	^3
Ἕρκυνα	_4
Ἕρμαρχε	^4
Ἕρμαρχον	^4
Ἕρμαρχος	^4
Ἕρμουθις	^7
Ἕρμωνθι	^7
Ἕρμωνθιν	^7
Ἕρμωνθις	^7
Ἕρμωνθίτης	_7
έρρανα	_4
Ἔρυκα	^3^5
Ἔρυκι	^3^5
Ἔρυκος	^3
Ἔρυξ	^3
έσαχα	^3^5
εσάχαμεν	^3^5
έσαχας	^3^5
εσάχασι	^3_5^7
εσάχατε	^3^5
εσάχατον	^3^5
έσαχε	^3
εσαχέναι	^3
εσάχετε	^3
εσάχετον	^3
εσαχέτω	^3
εσαχέτων	^3
εσάχῃ	^3
εσάχῃς	^3
εσάχητε	^3
εσάχητον	^3
εσάχοι	^3
εσάχοιεν	^3
εσαχοίη	^3
εσαχοίην	^3
εσαχοίης	^3
εσάχοιμεν	^3
εσάχοιμι	^3^8
εσάχοις	^3
εσάχοιτε	^3
εσαχοίτην	^3
εσάχοιτον	^3
εσαχόντων	^3
εσαχός	^3
εσαχυῖα	^3^7
εσάχω	^3
εσάχωμεν	^3
εσαχώς	^3
εσάχωσι	^3^7
Ἔσδρα	_5
Ἔσδραν	_5
Ἔσδρας	_5
έσκαφα	^4
εσκεύακα	^6
εσματικός	^4
εσματογραφία	^4^9
εσματολόγος	^4
έσπακα	^4
έσπασα	^4
έσσυμαι	^4
Ἔστι	^4
έστιχον	^4
εστύγνακα	^7
Ἔσφαλα	^4
Ἔσφαλον	^4
έσχατος	^4
εσχολακώς	^6
έτασις	^3
έτιλα	_3
έτμαγον	^4
έτραγον	^4
ετραπόμην	^4
έτρυσα	_4
έτυχον	^3
εύδιος	^4
εύθυνος	_4
ευκρινέω	^5
ευμαρίζω	^4
ευματικῶς	^4
ευριπικῶς	_4
ευσματικός	^5
ευτολυρασπιδοπηγός	^6^11
έφαγον	^3
έφανα	_3
Ἔφιππε	^3
Ἔφιππον	^3
Ἔφιππος	^3
έφυν	_3
έφυσα	_3
έχανον	^3
εχλίαινε	_4
εχλίαινες	_4
εχλιαίνεσθε	_4
εχλιαινέσθην	_4
εχλιαίνεσθον	_4
εχλιαίνετε	_4
εχλιαινέτην	_4
εχλιαίνετο	_4
εχλιαίνετον	_4
εχλιαινόμεθα	_4^12
εχλιαίνομεν	_4
εχλιαινόμην	_4
εχλίαινον	_4
εχλιαίνοντο	_4
εχλιαίνου	_4
εχυράζομαι	^3
εχυράζω	^3
εχυριάζω	^3
έχυρον	^3
έχυτο	^3
ῆα	^2
Ἤγεστα	^6
Ἤγεσταν	^6
ηγηματικός	^5
Ἥκιστα	^3^6
ήκμακεν	^4
ηλακάτη	^3
ηλάκατος	^5
ήλασα	^3
ηλασία	^3
ηλατέομαι	^3
ηλατέω	^3
ηλατικός	^3
ήλατος	^3
Ἤλιδα	^3^5
Ἤλιδι	^3^5
Ἤλιδος	^3
Ἥλιε	^3
ήλικος	^3
Ἥλιον	^3
Ἥλιος	^3
ήλιος	^3
Ἦλις	^3
ήλιτον	^3
ηλιφής	^3
ήλιφος	^3
ήλυθον	^3
ηλυς	^3
ηλυσία	^3
ήλυσις	^3
ήλυτος	^3
ηματίας	^3
ηματίζομαι	^3
ηματίζω	^3
ηματικεύομαι	^3
ηματικός	^3^5
ηματικός	^3
ηματισμός	^3
ηματογράφος	^3
ηματοπώλης	^3
ηματοπωλικός	^3
ηματοπώλιον	^3
ηματώδης	^3
ήνυσα	^3
ηπατίας	^3
Ἥρα	_3
Ἥραν	_3
Ἤραος	_3
ήραρον	^3
Ἥρας	_3
ήρατος	^3
ηριδ	^3
ήρικον	^3
ηριτικός	_3
ήρυγον	^3
ήρυσις	^3
ήρυτος	^3
ήσιμος	^3
ησίσταχυς	^6
ησιφάρμακον	^3^8
ήσπικα	^4
ήσυχος	^3
ητικεύομαι	^3
ητίνδα	^6
ήτινος	^3
ήτρια	^5
ηύνασα	^4
ηφανεύομαι	^3
ηφανέω	^3
ηφανία	^3
ήφυσα	^3
ι	_1
ι	^1
ι-	_1
ι-,	^1
ι?	^1
ι]	_1
Ι&lt;&gt;κα]νε	^1_3
ια	^1_2
ια	^1
ια	^2
ια	_2
ια	^1^2
ια	_1_2
ια	_1^2
ιά	_2
ιά	^1
ία	_2
ία	^1_2
ία	^1
ία	^2
ι̯α	^2
ιαγός	_2
ιαγράφος	_2
ιάζω	^1
ί̈αθεν	_2
ιαῖος	^1
ιακόν	^2
ιακὸν	^2
ιακός	^2
ιακός	^1^2
ιακχάξω	^1
ίαμα	_2
ιαμβεῖον	^1
ιαμβοποιέω	^1
ιαν	^1^2
ιανοί	_2
ιανός	_2
ιαριστάς	^1^2
ιαρός	^2
ιάρχης	^1
ιάς	^1
ιάς	^1_2
ίας	^1_2
ίασα	_2
Ἴασε	^2
ιάσι	_1
ίασι	_2
ίασις	_2
Ἴασον	^2
Ἴασος	^2
ιατικά	_2
ιατομέω	_2
ιατόμος	_2
ίατος	_2
ιατρεία	_2
ιατρός	_2
ίατρος	_2
ιαφόρος	_2
ιαχέω	^1^2
ιαχον	^1_2
ί̈αχος	^2
ιάχω	^1
ιάω	^1
ιβ	_1
Ἴβηρα	^5
Ἴβηρας	^5
Ἴβηρι	^5
Ἴβηρσι	^6
Ἴβηρσιν	^6
ιβης	_1
ίβιος	^3
ιβος	_1
ιβος	^1
Ἴβυκε	^1^3
Ἴβυκον	^1^3
Ἴβυκος	^1^3
ιγ	_1
ιγ	^1
ιγος	_1
ιγός	^1
ιδ	_1
ιδ	^1
ιδά	^1
Ἴδα	_1_3
Ἴδακε	^3
Ἴδακον	^3
Ἴδακος	^3
Ἴδαν	_1_3
ιδανός	^1^3
Ἴδας	_1_3
ίδας	^1
ίδας	_3
ίδας	^1_3
ιδάωνος	_1
ιδεῖν	^1
ιδεῖον	^1
ιδεύς	^1
ιδή	^1
ίδης	^1
ιδι	^1^3
ιδιέμπορος	^1
ιδιον	_1^3
ιδιον	^1
ίδιον	^1^3
ιδιος	^1
ίδιος	^3
Ἴδμωνα	^6
Ἴδμωνι	^6
ιδόν	^1
ιδος	_1
ιδος	^1
ιδοφόρος	_1
ιδόω	^1
Ἴδυρε	^3
Ἴδυρον	^3
Ἴδυρος	^3
ιδώδης	^1
ιδωτός	_1
ιε	^1
ιεῖ	^1
ιεῖα	^1
ιείς	^1
ιεῖσα	^1
ιεῖσαν	^1
ιέμεν	_1
ιέντα	^1
ιέρη	^1
ιερόν	_1
ίετε	_1
ίζομαι	_6
ίζομαι	^1
ίζω	^1
ιη	_1
ιή	^1
ίη	_1
ίη	^1
ιησι	^1
ιήτης	^1
ιθ	_1
ιθ	^1
ιθ-	_1
Ἴθακε	^1^3
Ἴθακοι	^1^3
Ἴθακον	^1^3
Ἴθακος	^1^3
ιθε	^1
ιθεν	^1
ιθία	_1
ιθμ	^1
ιθος	_1
ιθυ	_1_3
ιθυ	_1^3
ιθυνω	_1_3
ιθύνω	_1
ιθύς	_1
ικ	_1
ικ	^1
ικ-	_1
ικα	_1^3
ικα	^1^3
ικα	^1_3
ικάνω	^1
Ἴκαρε	_1^3
Ἴκαρον	_1^3
Ἴκαρος	_1^3
ίκατι	_1
ικατίπεδος	_1
ικέτης	^1
ικεύομαι	^1
ική	^1
ικόμην	_1
ικόμην	^1
ικος	^1
ικος	_1
ικός	_1
ικός	^1
ικότης	^1
ικώδης	^1
ιλ	_1
ιλα	_1_3
ιλα	^1^3
ιλεόομαι	_1
ιλη	_1
ίλη	_1
ιλια	^1^3_4
Ἴλια	_1^3^4
Ἴλιαι	_1^3
Ἴλιε	_1^3
Ἴλιοn	_1^3
Ἴλιοι	_1^3
Ἴλιον	_1^3
Ἴλιος	_1^3
ίλος	^1
ιλότης	^1
ιμ	_1
ιμ	^1
ιμα	_1^3
ιμα	_1
ιμαῖον	^1
ιμαῖος	^1
ιμάω	^1
ιμάω	_1
Ἴμβριε	^5
Ἴμβριον	^5
Ἴμβριος	^5
ιμος	^1
ιμότης	^1
ιν	^1
ιν	_1
ίν-	_1
ίναος	_3
Ἴναχε	_1^3
Ἴναχον	_1^3
Ἴναχος	_1^3
Ἴναχος	^3
ίνδα	^4
ινεία	^1
ινη	_1
Ἴνησσα	^6
Ἴνησσαν	^6
ινίδιον	_1
ινίζω	^1
ινίς	_1
ίννυμαι	^4
ινόεις	^1
ινον	^1
ινος	_1
ινος	^1
ινός	^1
ινόσυκοι	^1_5
ινόω	_1
ινῶ	^1
ιόεις	^1
ιον	_1
ιον	^1
ίον	^1
ιονι	_1^4
ιόο	^1
ιοπολφανεμώνη	^7
ιος	^1
ιός	^1
ιοστατέω	^5
ιοῦμαι	^1
ιόω	_1
ιπ	_1
ιπέδα	^1
ιπν	^1
ιπος	^1
Ἵππαρχε	^1^4
Ἵππαρχον	^1^4
Ἵππαρχος	^1^4
Ἵππασε	^4
Ἵππασον	^4
Ἵππασος	^4
ίπταμαι	^4
ιρ	_1
ιριν	_1^3
Ἶρις	^3
ισ	_1
ις	_1
ις	^1
ίς	_1
ίς	^1
ισα	^1^3
ισάζω	^1
Ἴσακε	_3
Ἴσακοι	_3
Ἴσακον	_3
Ἴσακος	_3
Ἴσας	_3
Ἴσεια	^5
ισι	_1^3
Ἴσι	_3
Ἶσι	^3
ισία	_1
ισία	^1
Ἴσιδα	_1^3^5
Ἴσιδι	_1^3^5
Ἴσιδος	_1^3
ίσιμος	^3
Ἶσιν	^3
ισις	_1
ισις	^1
Ἶσις	^3
ίσκος	^1
Ἴσμαρε	^4
Ἴσμαρον	^4
Ἴσμαρος	^4
ισματίας	^4
ισματικός	^4
ισματώδης	^4
ισμός	^1
ισο-	_1
ισοδαίμων	_1
ισόθεος	_1
ισον	^1
ισότης	^1
ισόω	^1
ισσα	^1^4
ίσταμαι	^4
ιστής	^1
ιστοκτυπεύς	^7
ισχεσθαι	^1
ισχω	^1
ίσω	_1
ιτ	_1
ιτ	^1
ιτάω	^1
ιτέον	^1
ιτεύομαι	_1
ιτεύω	_1
ίτης	_1
ιτί	_1
ιτιεύς	^1
ιτικά	_1
ιτική	_1
ιτικόν	_1
ιτικός	_1
ιτικός	_1^3
ιτις	_1
ιτος	^1
ιτος	_1
ιτός	^1
ιτυ	^1^3
Ἴτυλε	^3
Ἴτυλον	^3
Ἴτυλος	^3
Ἴτυν	^3
Ἴτυν	_3
Ἴτωνα	^1^5
Ἴτωνι	^1^5
ιυ	^1_2
ιυ	_1_2
ιφ	_1
Ἴφι	_1_3
Ἶφι	^3
Ἴφιας	_1^3^4
Ἴφιδα	_1^3^5
Ἴφιδας	_1^3^5
Ἴφιδε	_1^3
Ἴφιδες	_1^3
Ἴφιδι	_1^3^5
Ἴφιδος	_1^3
Ἴφιε	_1^3
Ἴφιες	_1^3
Ἶφιν	^3
Ἴφιος	_1^3
Ἴφις	_1_3
Ἶφις	^3
Ἴφισι	_1^3^5
Ἴφισιν	_1^3^5
Ἴφιτε	_1^3
Ἴφιτον	_1^3
Ἴφιτος	_1^3
ιφος	^1
ιχ	_1
ί̈χθυος	^4
Ἴχνας	_4
ιχος	^1
ιῶ	^1
ίων	_1
ίων	^1
Ἴωνα	^4
Ἴωνας	^4
Ἴωνι	^4
Ἴωσι	^4
Ἴωσιν	^4
Ὄαρε	^2
Ὄαρον	^2
Ὄαρος	^2
Ὄασι	^2^4
Ὄασιν	^2^4
Ὄασις	^2^4
όβιος	^3
οβλιτα	^4
Ὄγκα	_4
όδεια	^5
όθι	^3
Ὄθρυ	^4
Ὄθρυϊ	^4^5
Ὄθρυν	^4
Ὄθρυος	^4
Ὄθρυς	^4
Ὄθωνα	^5
Ὄθωνι	^5
οι	^2
ο̄ι	_2
οίγνυμι	_5
οικημα	^2
οικοφθορεοίμεθα	^15
οικοφθορέοιμι	^13
οικοφθορεόμεθα	^14
οικοφθορέουσα	^13
οικοφθορέουσι	^13
οικοφθορεώμεθα	^14
οικοφθορέωσι	^12
οικοφθορηθείησαν	^15
οικοφθορηθεῖσα	^14
οικοφθορηθησοίμεθα	^18
οικοφθορηθησόμεθα	^17
οικοφθορήθητι	^13
οικοφθορηθῶσι	^13
οικοφθορησαίμεθα	^16
οικοφθορήσαιμι	^14
οικοφθορησαμένη	^11
οικοφθορησάμενον	^11
οικοφθορησάμενος	^11
οικοφθορῆσαν	^11
οικοφθορησάντων	^11
οικοφθορήσας	_11
οικοφθορήσασα	_11^13
οικοφθορήσασθαι	^11
οικοφθορήσασθε	^11
οικοφθορήσασθον	^11
οικοφθορησάσθω	^11
οικοφθορησάσθων	^11
οικοφθορήσατε	^11
οικοφθορήσατον	^11
οικοφθορησάτω	^11
οικοφθορησάτων	^11
οικοφθορήσειαν	^13
οικοφθορήσειας	^13
οικοφθορησοίμεθα	^16
οικοφθορήσοιμι	^14
οικοφθορησόμεθα	^15
οικοφθορήσουσα	^14
οικοφθορήσουσι	^14
οικοφθορησώμεθα	^15
οικοφθορήσωσι	^13
οικοφθοροίησαν	^13
οικοφθοροίμεθα	^14
οικοφθοροῖμι	^12
οικοφθορούμεθα	^14
οικοφθοροῦσα	^12
οικοφθοροῦσι	^12
οικοφθορώμεθα	^13
οικοφθορῶσι	^11
οιμας	^2
οινοιο	^2
οινου	^2
οινῳ	^2
Ὄλβασα	^4^6
Ὄλβασαν	^4^6
ολιγόμισθος	^3
όλλυμι	_4
Ὄλπας	_4
Ὄλυμπε	^3
Ὄλυμπον	^3
Ὄλυμπος	^3
όλυτον	^3
ομαλίζω	^3
ομαχέω	^3
Ὅμιλαι	^3
όμιλος	_3
όμματος	^4
όμνυμαι	^4
όμνυμι	_4
όμφαλον	^4
όμφαλος	^4
ονίναμαι	^5
ονοχαυνοφλύαρος	_12
ονυχί	^3
όνυχος	^3
Ὄξυλε	^3
Ὄξυλον	^3
Ὄξυλος	^3
Ὄππιε	^4
Ὄππιον	^4
Ὄππιος	^4
Ὄρανος	^3
όρατος	_3
Ὄργανα	^6
Ὄρθιος	^4
όρνιθος	_4
ορνις	^4
όρνυμι	_4
ορυγῆναι	^3
ορυχεῖον	^3
ορυχή	^3
ορυχήσομαι	^3
Ὄσιρις	_3
Ὄσκα	^4
Ὄσκαν	^4
Ὄσκιε	^4
Ὄσκιον	^4
Ὄσκιος	^4
Οστάνη	^4
Οστάνῃ	^4
Οστάνην	^4
Οστάνης	^4
Οστάνου	^4
οστατέομαι	^4
Ὄσταφε	^4
Ὄσταφον	^4
Ὄσταφος	^4
όστρακον	^5
όστρακος	^5
όσυνος	^3
Οτάνη	^3
Οτάνῃ	^3
Οτάνην	^3
Οτάνης	^3
Οτάνου	^3
ου	^2
ουρον	^2
ουρων	^2
οῦσι	^4
ουσιν	^2
οῦσιν	^4
ούτατος	^4
ουτε	^2
ουτιδανή	^4^6
ουτιδανόν	^4^6
οφανής	^3
όφρυον	^4
οφρυς	^4
υ	^1
υ	_1
υ-	_1
υ/ου	_1
υα	^2
υα	^1^2
υάζω	^1
υάλεος	_1
υαλοειδής	_1
υαλόεις	_1
υαλος	^1^2
υαλόχροα	_1
Ὕβλα	_4
Ὕβλαια	^6
Ὕβλαν	_4
Ὕβλας	_4
Ὕβλωνα	^6
Ὕβλωνας	^6
Ὕβλωνι	^6
Ὕβλωσι	^6
Ὕβλωσιν	^6
υβος	^1
υγ	^1
υγ-	^1
υγγ-	^1
υγή	^1
υγιής	^1
υγος	_1
υγος	^1
υδατινος	^1^3^5
Ὕδισσα	^3^6
Ὕδισσαν	^3^6
υδόν	_1
υδος	^1
υέλινος	_1
υετοῖο	^1
υθος	_1
υθος	^1
υι	^1^2
υκ-	_1
υκεία	_1
υκεύομαι	_1
Ὕκκαρα	^4^6
υκος	_1
υκος	^1
υλ-	_1
Ὕλα	^1_3
υλάκας	^1_5
υλακτέω	^1
Ὕλαν	^1_3
Ὕλας	^1_3
υλεύω	^1
υλία	_1
υλιάζω	^1^3
υλιάζω	^1
υλόομαι	^1
υλος	_1
υλόω	^1
υμα	_1
υμᾶς	_1
υματᾶς	_1
υματικός	_1
υμάτιον	_1
υματοποιί̈α	_1
υματοπώλης	_1
υματώδης	_1
υμι	_1
υμνήσω	^1
υμνῳδεῖ	^1
υν	^1
υν	_1
υν-	_1
υνεῖον	_1
υνέω	^1
υνος	_1
υνῶ	^1
υο	^1
υόομαι	^1
υος	^1
υόων	^1
υπαθέω	^1^3
Ὕπαιπα	^6
Ὕπανι	^3^5
Ὕπανιν	^3^5
Ὕπανις	^3^5
υπείροχος	^1
υπέρβατος	^6
υπερνίκα	_1_6_8
υπερνίκαε	_1_6^8
υπερνίκαες	_1_6^8
υπερνικάεσθε	_1_6^8
υπερνικαέσθην	_1_6^8
υπερνικάεσθον	_1_6^8
υπερνικάετε	_1_6^8
υπερνικαέτην	_1_6^8
υπερνικάετο	_1_6^8
υπερνικάετον	_1_6^8
υπερνικαόμεθα	_1_6^8^13
υπερνικάομεν	_1_6^8
υπερνικαόμην	_1_6^8
υπερνίκαον	_1_6^8
υπερνικάοντο	_1_6^8
υπερνικάου	_1_6^8
υπερνίκας	_1_6_8
υπερνικᾶσθε	_1_6
υπερνικάσθην	_1_6_8
υπερνικᾶσθον	_1_6
υπερνικᾶτε	_1_6
υπερνικάτην	_1_6_8
υπερνικᾶτο	_1_6
υπερνικᾶτον	_1_6
υπερνικηθεῖεν	_1_6
υπερνικηθείη	_1_6
υπερνικηθείημεν	_1_6
υπερνικηθείην	_1_6
υπερνικηθείης	_1_6
υπερνικηθείησαν	_1_6^14
υπερνικηθείητε	_1_6
υπερνικηθειήτην	_1_6
υπερνικηθείητον	_1_6
υπερνικηθεῖμεν	_1_6
υπερνικηθείς	_1_6
υπερνικηθεῖσα	_1_6^13
υπερνικηθεῖτε	_1_6
υπερνικηθείτην	_1_6
υπερνικηθεῖτον	_1_6
υπερνικηθέν	_1_6
υπερνικηθέντων	_1_6
υπερνικηθῇ	_1_6
υπερνικήθη	_1_6
υπερνικήθημεν	_1_6
υπερνικήθην	_1_6
υπερνικηθῆναι	_1_6
υπερνικηθῇς	_1_6
υπερνικήθης	_1_6
υπερνικήθησαν	_1_6^12
υπερνικηθῆτε	_1_6
υπερνικήθητε	_1_6
υπερνικηθήτην	_1_6
υπερνικήθητι	_1_6^12
υπερνικηθῆτον	_1_6
υπερνικήθητον	_1_6
υπερνικηθήτω	_1_6
υπερνικηθήτων	_1_6
υπερνικηθῶ	_1_6
υπερνικηθῶμεν	_1_6
υπερνικηθῶσι	_1_6^12
υπερνίκησα	_1_6^10
υπερνικήσαι	_1_6
υπερνικῆσαι	_1_6
υπερνίκησαι	_1_6
υπερνικήσαιεν	_1_6
υπερνικησαίμεθα	_1_6^15
υπερνικήσαιμεν	_1_6
υπερνικησαίμην	_1_6
υπερνικήσαιμι	_1_6^13
υπερνικήσαιντο	_1_6
υπερνικήσαιο	_1_6
υπερνικήσαις	_1_6
υπερνικήσαισθε	_1_6
υπερνικησαίσθην	_1_6
υπερνικήσαισθον	_1_6
υπερνικήσαιτε	_1_6
υπερνικησαίτην	_1_6
υπερνικήσαιτο	_1_6
υπερνικήσαιτον	_1_6
υπερνικησάμεθα	_1_6^10^14
υπερνικήσαμεν	_1_6^10
υπερνικησαμένη	_1_6^10
υπερνικησάμενον	_1_6^10
υπερνικησάμενος	_1_6^10
υπερνικησάμην	_1_6^10
υπερνικῆσαν	_1_6^10
υπερνίκησαν	_1_6^10
υπερνικήσαντο	_1_6^10
υπερνικησάντων	_1_6^10
υπερνικήσας	_1_6_10
υπερνίκησας	_1_6^10
υπερνικήσασα	_1_6_10^12
υπερνικήσασθαι	_1_6^10
υπερνικήσασθε	_1_6^10
υπερνικησάσθην	_1_6^10
υπερνικήσασθον	_1_6^10
υπερνικησάσθω	_1_6^10
υπερνικησάσθων	_1_6^10
υπερνικήσατε	_1_6^10
υπερνικησάτην	_1_6^10
υπερνικήσατο	_1_6^10
υπερνικήσατον	_1_6^10
υπερνικησάτω	_1_6^10
υπερνικησάτων	_1_6^10
υπερνίκησε	_1_6
υπερνικήσειαν	_1_6^12
υπερνικήσειας	_1_6^12
υπερνικήσειε	_1_6
υπερνικήσῃ	_1_6
υπερνικήσῃς	_1_6
υπερνικήσησθε	_1_6
υπερνικήσησθον	_1_6
υπερνικήσηται	_1_6
υπερνικήσητε	_1_6
υπερνικήσητον	_1_6
υπερνίκησον	_1_6
υπερνικήσω	_1_6
υπερνικήσωμαι	_1_6
υπερνικησώμεθα	_1_6^14
υπερνικήσωμεν	_1_6
υπερνικήσωνται	_1_6
υπερνικήσωσι	_1_6^12
υπερνικῶ	_1_6
υπερνικώμεθα	_1_6^12
υπερνικῶμεν	_1_6
υπερνικώμην	_1_6
υπερνίκων	_1_6
υπερνικῶντο	_1_6
υπέρτατος	^1
υπέρφρων	^1
υπήκοος	^1
Ὕπιε	^3
Ὕπιον	^3
Ὕπιος	^3
υπνων	^1
υ̒πογλωσσί̆ς	^1
υ̒πόγλωσσον	^1
υ̒πόγλωσσος	^1
υπόστατος	^6
υπρόσωπος	^1
υρ	^1
υρ-	_1
υρα	_1_3
υρα	^1
Ὕργι	^1^4
Ὕργι	^1_4
Ὕργιν	^1^4
Ὕργιος	^1^4
Ὕργιος	^4
Ὕργις	^1^4
Ὕργις	^4
υρέω	^1
υρίζω	^1
υρίς	^1
υρισμός	^1
υρος	_1
υρος	^1
υρός	_1
υρότης	_1
υροῦς	^1
υς	_1
υς	^1
υσάμην	^1
υσία	^1
υσία	_1
Ὕσιρις	_3
υσις	_1
υσις	^1
υσματώδης	^4
υσος	^1
υστις	_1
υτέον	_1
υτήρ	_1
υτής	_1
υτί	_1
υτική	_1
υτικός	_1
υτίς	_1
υτος	_1
υτος	^1
υτός	_1
υφ	^1
υφαίνω	^1
ύφανα	_3
υφαντής	^1
υφάντης	^1
υφή	^1
υφής	^1
υφος	^1
υχ	_1
υχ	^1
υχή	^1
υχος	^1
Ὕψα	_3
Ὕψαν	_3
Ὕψαρνε	^3
Ὕψαρνον	^3
Ὕψαρνος	^3
Ὕψας	_3
υών	^1
υῶς	^1
ᾨδεῖα	^5
ωδυνία	^3
ώδυνος	^3
ωλοφυράμην	_5
ωμα	^3
ωματίζομαι	^3
ωματίζω	^3
ωματικοί	^3
ωματικός	^3
ωματουργός	^3
ώμεθα	^5
ωνυμέομαι	^3
ωνυμέω	^3
ωνυμία	^3
ωνυμικόν	^3
ωνυμικῶς	^3
ώνυμος	^3
ωνυχία	^3
ώνυχος	^3
ῳξαίμεθα	^8
ῴξαιμι	^6
ῳξαμένη	^3
ῳξάμενον	^3
ῳξάμενος	^3
ῷξαν	^3
ῳξάντων	^3
ῴξας	_3
ῴξασα	_3^5
ῴξασθαι	^3
ῴξασθε	^3
ῴξασθον	^3
ῳξάσθω	^3
ῳξάσθων	^3
ῴξατε	^3
ῴξατον	^3
ῳξάτω	^3
ῳξάτων	^3
ῴξειαν	^5
ῴξειας	^5
ῳξώμεθα	^7
ῴξωσι	^5
Ὥρα	_3
Ὥραν	_3
Ὥρας	_3
ώρυγος	^3
ωρυχέω	^3
ωρυχής	^3
ωρυχία	^3
ώρυχον	^3
ῶσι	^3
ωσιμαῖος	^3
ώσιμος	^3
ωσις	^3
ωστα	_4
